material_type,moisture_content,contamination_level,combustibility,calorific_value,rdf_score,rdf_suitable,rdf_grade
cardboard,13.78,3.43,9.09,15.28,0.5713,1,Medium
glass,3.81,2.36,0.0,0.0,0.4349,0,Low
paper,21.1,4.11,8.33,13.91,0.5927,1,Medium
organic,42.55,8.79,4.53,6.79,0.2493,0,Unsuitable
cardboard,22.86,3.11,7.58,16.4,0.611,1,Medium
organic,46.17,7.78,4.98,7.84,0.2837,0,Unsuitable
organic,58.78,4.33,2.52,5.38,0.2299,0,Unsuitable
plastic,6.7,2.62,9.67,41.2,0.9106,1,High
glass,4.02,1.16,0.0,0.0,0.4254,0,Low
glass,1.0,0.02,0.0,0.0,0.3736,0,Low
paper,16.47,2.84,7.42,13.46,0.5491,1,Medium
glass,2.36,1.7,0.0,0.0,0.438,0,Low
cardboard,11.08,0.12,8.31,15.64,0.6886,1,Medium
metal,4.27,0.7,0.06,0.14,0.432,0,Low
plastic,5.57,4.7,9.33,36.5,0.8257,1,High
metal,0.83,0.07,0.09,0.36,0.4749,1,Low
glass,2.51,0.46,0.0,0.0,0.4281,0,Low
cardboard,11.03,2.52,8.09,15.26,0.5768,1,Medium
plastic,9.09,4.2,8.53,45.51,0.8367,1,High
organic,68.68,6.15,3.09,3.48,0.1838,0,Unsuitable
cardboard,9.05,1.22,8.74,15.53,0.6179,1,Medium
plastic,7.59,4.32,8.86,40.04,0.902,1,High
cardboard,6.69,1.66,7.12,16.48,0.7055,1,High
metal,0.72,0.31,0.59,0.09,0.4076,0,Low
organic,53.87,7.14,2.09,7.79,0.1893,0,Unsuitable
metal,3.91,0.25,0.49,0.25,0.4651,1,Low
cardboard,14.47,1.07,7.99,16.56,0.6387,1,Medium
metal,0.11,2.48,0.9,0.07,0.3668,0,Low
paper,21.81,1.41,8.98,15.91,0.6609,1,Medium
cardboard,7.15,3.66,7.69,15.11,0.5869,1,Medium
metal,4.15,2.42,0.32,0.48,0.4178,0,Low
plastic,5.15,1.54,9.87,32.63,0.8262,1,High
paper,29.81,4.46,9.25,16.56,0.5727,1,Medium
plastic,5.19,1.9,9.54,40.59,0.9509,1,High
organic,69.87,4.84,5.75,4.2,0.3644,0,Low
cardboard,21.62,0.61,7.54,16.8,0.5934,1,Medium
paper,24.44,4.86,8.5,13.58,0.5667,1,Medium
paper,10.74,0.66,9.03,13.49,0.6841,1,Medium
organic,63.24,4.4,5.22,6.58,0.2524,0,Unsuitable
glass,0.66,0.37,0.0,0.0,0.4241,0,Low
cardboard,18.26,3.82,7.86,17.77,0.5977,1,Medium
plastic,5.55,3.8,8.21,32.25,0.7776,1,High
cardboard,16.92,3.73,9.41,16.4,0.606,1,Medium
organic,40.71,3.76,5.32,6.98,0.2996,0,Unsuitable
plastic,6.06,5.21,9.21,36.6,0.7457,1,High
metal,3.26,2.6,0.45,0.12,0.3334,0,Unsuitable
organic,72.66,3.74,2.27,5.97,0.256,0,Unsuitable
glass,4.12,0.93,0.0,0.0,0.4402,0,Low
cardboard,8.07,0.46,7.06,15.17,0.6838,1,Medium
paper,6.33,2.96,9.04,14.57,0.6804,1,Medium
organic,75.0,8.96,2.17,3.91,0.2504,0,Unsuitable
metal,1.25,1.71,0.42,0.02,0.3647,0,Low
cardboard,6.04,3.7,7.3,17.53,0.6592,1,Medium
organic,79.18,8.61,5.12,6.21,0.1653,0,Unsuitable
glass,2.68,1.54,0.0,0.0,0.3989,0,Low
cardboard,17.79,1.07,7.42,16.43,0.6629,1,Medium
metal,1.84,1.1,0.33,0.19,0.3776,0,Low
paper,12.42,4.74,9.75,14.92,0.6837,1,Medium
plastic,8.49,3.92,9.61,38.52,0.8338,1,High
metal,1.44,2.2,0.2,0.35,0.3986,0,Low
organic,43.8,8.08,2.34,7.68,0.2534,0,Unsuitable
metal,4.79,2.4,0.59,0.39,0.3669,0,Low
organic,50.14,7.13,2.38,6.08,0.212,0,Unsuitable
organic,62.6,7.01,3.86,5.61,0.2378,0,Unsuitable
organic,59.69,7.2,5.72,3.6,0.1823,0,Unsuitable
glass,0.44,1.97,0.0,0.0,0.4498,0,Low
glass,4.49,2.29,0.0,0.0,0.3828,0,Low
plastic,1.58,0.89,9.87,37.01,0.9001,1,High
cardboard,16.06,3.74,9.34,16.44,0.6374,1,Medium
glass,4.93,2.15,0.0,0.0,0.5079,1,Medium
organic,44.88,7.12,4.74,3.06,0.3511,0,Low
metal,4.13,0.89,0.46,0.22,0.4522,1,Low
metal,3.91,0.33,1.0,0.44,0.4309,0,Low
organic,73.48,3.74,6.0,6.33,0.3205,0,Unsuitable
metal,4.49,0.09,0.24,0.07,0.4494,0,Low
cardboard,8.96,3.64,8.97,15.11,0.6376,1,Medium
cardboard,17.12,3.21,7.72,17.55,0.5863,1,Medium
cardboard,21.02,3.71,9.32,17.09,0.6929,1,Medium
plastic,2.02,0.75,9.01,41.92,0.9325,1,High
cardboard,22.02,0.62,9.2,15.58,0.6535,1,Medium
cardboard,24.6,2.45,7.16,16.85,0.6194,1,Medium
glass,4.42,2.13,0.0,0.0,0.3669,0,Low
plastic,4.59,4.7,9.27,39.16,0.8431,1,High
organic,77.84,5.11,4.31,6.5,0.2237,0,Unsuitable
plastic,1.48,3.05,8.81,37.59,0.9504,1,High
organic,45.36,4.95,3.22,5.14,0.3294,0,Unsuitable
plastic,4.12,2.45,8.44,39.41,0.8008,1,High
metal,0.18,1.26,0.47,0.11,0.3866,0,Low
plastic,7.02,3.89,9.3,35.06,0.7862,1,High
metal,2.75,1.29,0.63,0.18,0.4406,0,Low
glass,4.43,2.76,0.0,0.0,0.3419,0,Unsuitable
glass,1.57,2.51,0.0,0.0,0.4281,0,Low
organic,42.22,4.96,3.34,3.86,0.3617,0,Low
organic,69.71,3.1,5.31,7.28,0.3999,0,Low
glass,3.0,0.36,0.0,0.0,0.5545,1,Medium
cardboard,20.44,1.24,9.06,17.12,0.6579,1,Medium
organic,40.43,4.46,4.1,3.82,0.311,0,Unsuitable
metal,4.18,2.97,0.56,0.42,0.4587,1,Low
metal,2.24,1.18,0.08,0.38,0.4368,0,Low
cardboard,14.39,0.6,7.54,17.72,0.7013,1,High
metal,1.46,1.47,0.59,0.25,0.3903,0,Low
paper,11.09,4.22,8.91,15.6,0.6152,1,Medium
glass,0.29,1.1,0.0,0.0,0.4463,0,Low
glass,2.41,2.31,0.0,0.0,0.381,0,Low
paper,26.26,1.7,8.5,15.13,0.5745,1,Medium
metal,1.99,2.75,0.63,0.09,0.447,0,Low
paper,5.62,4.64,8.34,14.23,0.5424,1,Medium
paper,5.18,1.39,9.11,15.54,0.6336,1,Medium
glass,2.39,2.28,0.0,0.0,0.339,0,Unsuitable
metal,3.91,2.6,0.11,0.37,0.332,0,Unsuitable
metal,3.27,2.91,0.98,0.14,0.4934,1,Low
metal,3.75,1.04,0.12,0.02,0.3989,0,Low
organic,79.42,6.25,5.91,5.06,0.2046,0,Unsuitable
plastic,0.85,3.33,9.6,44.8,0.9518,1,High
paper,14.32,0.24,7.33,15.7,0.5952,1,Medium
cardboard,20.47,3.46,9.22,17.4,0.6456,1,Medium
organic,64.88,9.01,2.02,5.57,0.1189,0,Unsuitable
paper,5.74,2.01,9.69,15.69,0.653,1,Medium
plastic,3.48,5.12,8.6,39.45,0.7933,1,High
organic,50.99,9.21,2.75,3.42,0.2138,0,Unsuitable
plastic,8.07,5.99,8.59,36.53,0.7476,1,High
glass,2.87,2.99,0.0,0.0,0.3894,0,Low
plastic,4.97,0.81,8.73,31.07,0.8588,1,High
organic,40.71,6.17,4.54,4.72,0.3098,0,Unsuitable
organic,70.08,6.79,3.14,7.48,0.1297,0,Unsuitable
organic,53.01,9.36,4.12,6.71,0.2697,0,Unsuitable
metal,1.5,0.72,0.32,0.08,0.557,1,Medium
metal,2.81,2.38,0.78,0.22,0.4423,0,Low
organic,66.98,8.7,5.61,6.94,0.2077,0,Unsuitable
organic,62.49,3.71,4.61,7.78,0.3476,0,Unsuitable
organic,41.43,9.72,2.41,3.21,0.0828,0,Unsuitable
plastic,0.66,2.73,9.03,35.0,0.828,1,High
organic,55.38,3.42,4.79,4.04,0.3629,0,Low
cardboard,12.88,1.67,7.0,15.34,0.5814,1,Medium
cardboard,15.16,1.96,8.0,16.29,0.6299,1,Medium
cardboard,21.82,1.04,7.97,15.73,0.5652,1,Medium
organic,49.13,5.32,5.72,3.24,0.2733,0,Unsuitable
glass,3.56,0.45,0.0,0.0,0.4438,0,Low
cardboard,8.77,0.13,7.33,16.86,0.7451,1,High
cardboard,16.38,2.36,9.55,15.01,0.7033,1,High
metal,0.81,2.32,0.86,0.13,0.4042,0,Low
metal,2.27,1.81,0.98,0.18,0.3817,0,Low
cardboard,20.98,2.4,7.65,16.24,0.6499,1,Medium
paper,6.95,0.15,8.04,13.08,0.6578,1,Medium
metal,3.54,2.22,0.32,0.45,0.4719,1,Low
glass,0.63,0.43,0.0,0.0,0.4424,0,Low
cardboard,5.08,0.07,9.98,16.75,0.7604,1,High
organic,75.89,9.16,4.14,6.11,0.1514,0,Unsuitable
glass,2.97,0.88,0.0,0.0,0.4169,0,Low
cardboard,16.91,0.93,9.62,15.76,0.6487,1,Medium
paper,14.9,3.39,9.18,15.27,0.6288,1,Medium
metal,4.92,1.26,0.51,0.01,0.3909,0,Low
plastic,4.08,0.56,9.78,36.32,0.9101,1,High
metal,0.75,2.88,0.18,0.1,0.3362,0,Unsuitable
plastic,7.33,5.27,8.76,38.27,0.8487,1,High
plastic,7.31,4.7,9.14,31.67,0.738,1,High
glass,3.99,0.3,0.0,0.0,0.4147,0,Low
organic,79.17,5.64,4.88,7.44,0.2505,0,Unsuitable
metal,3.04,1.74,0.41,0.3,0.398,0,Low
paper,16.69,0.98,8.13,14.58,0.6524,1,Medium
paper,22.11,1.7,9.86,13.97,0.5785,1,Medium
cardboard,20.07,3.52,7.83,15.61,0.5251,1,Medium
plastic,4.68,1.56,8.09,37.7,0.8891,1,High
metal,3.26,1.49,0.11,0.13,0.4022,0,Low
paper,26.92,4.51,9.95,16.93,0.545,1,Medium
glass,0.36,0.41,0.0,0.0,0.3155,0,Unsuitable
glass,3.08,1.63,0.0,0.0,0.3922,0,Low
organic,74.08,7.09,4.94,4.48,0.1328,0,Unsuitable
organic,70.4,8.41,2.83,7.71,0.2801,0,Unsuitable
plastic,8.96,0.6,8.53,43.54,0.8743,1,High
metal,2.25,0.74,0.71,0.43,0.5175,1,Medium
plastic,5.31,1.49,8.49,32.58,0.7779,1,High
cardboard,20.55,2.07,8.47,16.59,0.6607,1,Medium
organic,57.38,3.92,2.5,7.76,0.3596,0,Low
organic,46.54,6.88,2.83,4.27,0.303,0,Unsuitable
organic,44.76,9.42,3.29,6.04,0.2935,0,Unsuitable
organic,61.28,4.31,5.95,7.09,0.1629,0,Unsuitable
plastic,4.69,0.92,9.84,35.46,0.848,1,High
organic,71.78,7.36,5.0,6.97,0.3124,0,Unsuitable
plastic,9.24,2.63,9.28,30.04,0.7144,1,High
paper,6.55,2.29,7.39,13.61,0.6297,1,Medium
paper,14.82,4.61,7.96,15.9,0.6469,1,Medium
paper,19.99,2.36,9.85,14.37,0.6581,1,Medium
metal,3.39,2.54,0.04,0.22,0.4077,0,Low
glass,4.96,1.59,0.0,0.0,0.4766,1,Low
glass,1.83,2.22,0.0,0.0,0.4383,0,Low
metal,4.54,1.26,0.65,0.17,0.4042,0,Low
metal,2.2,0.38,0.09,0.33,0.4212,0,Low
glass,0.1,0.98,0.0,0.0,0.3473,0,Unsuitable
metal,1.23,2.0,0.13,0.14,0.3929,0,Low
paper,21.87,4.55,7.61,15.17,0.4528,1,Low
paper,28.82,3.05,7.77,15.5,0.6245,1,Medium
glass,2.0,2.06,0.0,0.0,0.4026,0,Low
organic,64.41,6.11,5.74,7.27,0.249,0,Unsuitable
organic,59.59,7.43,3.34,4.22,0.1872,0,Unsuitable
metal,4.62,2.53,0.98,0.37,0.3972,0,Low
paper,17.02,2.28,7.72,15.58,0.6447,1,Medium
glass,1.29,1.76,0.0,0.0,0.388,0,Low
paper,9.19,0.04,8.01,16.19,0.7761,1,High
organic,45.53,8.42,2.46,4.95,0.1466,0,Unsuitable
paper,8.85,2.11,8.86,16.73,0.7563,1,High
paper,6.74,0.69,9.37,14.08,0.7152,1,High
paper,7.8,4.16,7.53,14.69,0.575,1,Medium
metal,2.5,2.06,0.65,0.5,0.4791,1,Low
cardboard,19.56,3.91,7.95,16.38,0.6252,1,Medium
cardboard,6.03,2.69,8.06,17.36,0.6029,1,Medium
organic,56.67,5.25,5.0,7.01,0.2635,0,Unsuitable
glass,4.47,0.43,0.0,0.0,0.4093,0,Low
paper,6.69,0.26,7.0,14.75,0.6643,1,Medium
metal,0.17,1.96,0.82,0.08,0.4152,0,Low
cardboard,21.46,2.16,9.46,15.28,0.637,1,Medium
organic,69.51,4.8,5.01,5.52,0.2791,0,Unsuitable
glass,1.84,0.66,0.0,0.0,0.4656,1,Low
plastic,0.86,1.06,8.35,43.17,0.9308,1,High
glass,0.69,1.96,0.0,0.0,0.4087,0,Low
organic,79.02,9.11,2.77,4.1,0.0893,0,Unsuitable
organic,69.39,6.96,4.2,7.14,0.3224,0,Unsuitable
paper,5.66,0.25,8.8,14.94,0.7113,1,High
paper,23.95,4.13,8.68,14.54,0.5951,1,Medium
plastic,5.22,1.89,9.13,40.83,0.9208,1,High
plastic,2.12,5.37,9.29,32.75,0.764,1,High
cardboard,14.4,1.9,9.81,15.18,0.7752,1,High
plastic,1.95,4.08,8.43,31.59,0.7051,1,High
metal,2.11,0.53,0.13,0.43,0.4051,0,Low
plastic,0.55,2.14,8.53,39.77,0.8541,1,High
plastic,8.88,5.58,8.2,31.72,0.6255,1,Medium
plastic,1.22,5.11,9.51,43.12,0.8827,1,High
metal,4.98,0.13,0.4,0.16,0.4122,0,Low
cardboard,21.12,0.68,9.94,16.5,0.6989,1,Medium
metal,1.99,1.75,0.13,0.16,0.4434,0,Low
organic,74.65,7.13,3.43,5.04,0.2335,0,Unsuitable
cardboard,17.66,3.71,9.8,16.17,0.5617,1,Medium
paper,19.2,2.31,8.98,15.22,0.6077,1,Medium
plastic,3.46,2.27,8.19,32.66,0.856,1,High
organic,48.58,6.94,5.02,4.29,0.2507,0,Unsuitable
plastic,9.28,3.58,9.34,30.84,0.8432,1,High
organic,76.96,7.05,2.02,3.19,0.2141,0,Unsuitable
plastic,5.63,0.16,9.49,43.63,0.8503,1,High
paper,5.14,3.93,7.99,16.52,0.741,1,High
plastic,5.65,1.62,8.32,42.4,0.7825,1,High
paper,29.14,4.82,9.57,13.75,0.5103,1,Medium
metal,4.39,1.12,0.1,0.41,0.4566,1,Low
paper,29.55,3.04,8.27,14.48,0.5552,1,Medium
metal,0.59,2.38,0.84,0.14,0.4466,0,Low
glass,0.12,1.56,0.0,0.0,0.3804,0,Low
organic,66.73,5.64,4.47,3.2,0.2909,0,Unsuitable
organic,48.57,3.98,2.75,4.72,0.2559,0,Unsuitable
metal,4.74,1.21,0.81,0.49,0.4542,1,Low
metal,4.36,1.9,0.43,0.22,0.4305,0,Low
metal,2.67,2.98,0.96,0.02,0.3647,0,Low
metal,4.51,0.14,0.94,0.42,0.4727,1,Low
paper,25.87,0.78,8.6,16.66,0.6319,1,Medium
glass,2.23,0.19,0.0,0.0,0.4203,0,Low
plastic,2.86,5.79,8.19,43.88,0.8709,1,High
metal,4.88,2.53,0.94,0.06,0.4218,0,Low
glass,2.73,1.63,0.0,0.0,0.4702,1,Low
glass,2.28,1.16,0.0,0.0,0.4821,1,Low
plastic,0.77,4.68,8.89,44.89,0.9473,1,High
cardboard,8.15,0.82,9.93,15.66,0.7166,1,High
cardboard,23.72,3.91,7.71,15.15,0.5569,1,Medium
organic,47.8,6.98,5.65,5.69,0.3168,0,Unsuitable
cardboard,9.04,3.2,8.85,17.59,0.7317,1,High
cardboard,6.81,0.9,8.31,17.84,0.714,1,High
plastic,7.71,3.24,8.37,35.13,0.8047,1,High
paper,15.87,1.14,9.17,13.68,0.6514,1,Medium
glass,0.94,0.32,0.0,0.0,0.4365,0,Low
organic,79.79,6.4,3.91,5.11,0.2077,0,Unsuitable
plastic,5.93,1.37,9.28,30.81,0.9404,1,High
cardboard,22.94,1.9,7.18,17.47,0.6115,1,Medium
plastic,7.82,2.57,9.28,43.7,0.8967,1,High
paper,21.56,3.36,9.88,14.48,0.6463,1,Medium
plastic,8.12,3.03,9.47,37.36,0.7663,1,High
metal,0.66,0.6,0.63,0.37,0.4419,0,Low
glass,1.36,0.33,0.0,0.0,0.5244,1,Medium
plastic,5.29,5.3,9.52,41.33,0.7919,1,High
paper,13.94,2.39,7.44,14.09,0.5839,1,Medium
plastic,5.5,4.23,8.14,37.7,0.814,1,High
cardboard,19.96,3.26,8.34,17.46,0.5909,1,Medium
plastic,1.76,2.8,8.78,33.85,0.8195,1,High
plastic,3.14,1.64,8.26,37.02,0.8992,1,High
organic,49.44,8.34,5.72,5.49,0.2691,0,Unsuitable
plastic,8.67,5.99,9.23,44.24,0.8147,1,High
metal,2.3,0.24,0.02,0.24,0.4709,1,Low
glass,2.04,1.7,0.0,0.0,0.51,1,Medium
glass,3.97,2.54,0.0,0.0,0.3737,0,Low
paper,12.86,2.01,7.8,15.43,0.6313,1,Medium
plastic,5.57,1.78,8.34,33.12,0.7796,1,High
plastic,9.49,2.42,9.67,40.9,0.8401,1,High
glass,4.06,0.79,0.0,0.0,0.3806,0,Low
paper,25.36,1.18,7.83,16.86,0.6402,1,Medium
cardboard,13.65,1.01,9.33,17.32,0.7047,1,High
plastic,8.35,1.28,8.01,39.14,0.7456,1,High
organic,48.32,6.63,5.24,3.45,0.2914,0,Unsuitable
cardboard,19.94,1.49,7.57,15.59,0.6051,1,Medium
plastic,8.62,3.85,9.38,45.73,0.9042,1,High
plastic,4.03,5.54,8.49,41.68,0.8108,1,High
organic,58.73,4.4,2.74,5.32,0.2991,0,Unsuitable
cardboard,20.92,3.63,9.41,15.8,0.6078,1,Medium
cardboard,7.7,3.78,8.21,15.67,0.545,1,Medium
paper,14.98,0.18,7.49,15.56,0.7059,1,High
cardboard,23.35,3.4,9.55,15.68,0.6379,1,Medium
paper,26.69,1.53,8.86,16.04,0.6344,1,Medium
cardboard,23.77,2.91,8.32,17.63,0.6079,1,Medium
glass,3.72,2.46,0.0,0.0,0.4216,0,Low
organic,60.11,6.54,4.33,4.98,0.2212,0,Unsuitable
paper,27.83,1.23,9.21,15.71,0.6303,1,Medium
glass,3.98,2.88,0.0,0.0,0.4993,1,Low
paper,13.8,3.19,8.42,16.95,0.6056,1,Medium
metal,4.38,0.85,0.79,0.19,0.3566,0,Low
plastic,8.84,1.81,9.54,35.39,0.8957,1,High
paper,25.74,0.12,7.66,15.85,0.614,1,Medium
metal,2.48,0.17,0.35,0.43,0.4616,1,Low
organic,77.81,3.36,5.0,4.29,0.2032,0,Unsuitable
plastic,7.46,5.31,8.43,38.5,0.7587,1,High
glass,1.15,0.08,0.0,0.0,0.4518,1,Low
paper,23.6,2.66,8.43,14.8,0.6172,1,Medium
paper,27.2,4.06,8.05,15.31,0.5557,1,Medium
paper,29.31,4.51,9.77,14.33,0.6028,1,Medium
paper,7.25,0.6,7.21,16.96,0.745,1,High
paper,8.31,4.14,8.74,16.1,0.6405,1,Medium
plastic,6.38,3.13,9.43,37.16,0.8844,1,High
organic,58.71,4.19,5.19,4.3,0.2998,0,Unsuitable
glass,4.21,0.99,0.0,0.0,0.3882,0,Low
paper,24.13,1.54,7.65,15.76,0.5858,1,Medium
cardboard,16.38,1.16,8.66,16.87,0.7906,1,High
paper,20.59,0.68,9.08,15.7,0.6417,1,Medium
metal,2.23,1.23,0.09,0.11,0.3752,0,Low
cardboard,19.86,0.95,9.49,16.64,0.689,1,Medium
organic,59.97,7.34,5.71,5.46,0.2821,0,Unsuitable
plastic,6.02,4.43,8.14,38.25,0.6748,1,Medium
metal,2.47,1.4,0.96,0.23,0.4502,1,Low
organic,48.68,3.67,2.0,5.16,0.2888,0,Unsuitable
metal,0.16,1.71,0.15,0.47,0.3998,0,Low
glass,3.13,0.98,0.0,0.0,0.4253,0,Low
cardboard,23.12,2.0,9.27,17.55,0.559,1,Medium
paper,10.6,1.43,7.75,14.05,0.627,1,Medium
glass,4.95,1.58,0.0,0.0,0.4414,0,Low
organic,48.15,6.7,5.33,4.52,0.3495,0,Unsuitable
paper,29.63,4.53,9.4,14.08,0.506,1,Medium
organic,61.89,6.93,4.02,6.18,0.2326,0,Unsuitable
glass,1.67,0.99,0.0,0.0,0.3501,0,Low
glass,2.23,0.68,0.0,0.0,0.4101,0,Low
organic,47.08,7.59,3.1,3.32,0.2621,0,Unsuitable
paper,19.54,0.11,9.55,13.62,0.6115,1,Medium
paper,16.07,0.36,9.41,16.57,0.7147,1,High
plastic,1.79,5.42,9.1,32.4,0.8081,1,High
glass,3.62,1.8,0.0,0.0,0.4392,0,Low
metal,2.39,1.08,0.22,0.02,0.4967,1,Low
plastic,0.18,2.64,9.29,39.77,0.895,1,High
glass,4.05,2.14,0.0,0.0,0.3378,0,Unsuitable
glass,0.21,0.67,0.0,0.0,0.4134,0,Low
paper,25.61,4.63,7.6,16.72,0.5502,1,Medium
paper,28.8,0.06,9.29,16.88,0.6948,1,Medium
organic,78.83,6.85,2.31,7.25,0.2275,0,Unsuitable
organic,56.69,7.0,2.61,6.7,0.1814,0,Unsuitable
metal,3.65,2.55,0.47,0.25,0.3394,0,Unsuitable
organic,69.32,5.58,2.7,4.1,0.1867,0,Unsuitable
organic,77.7,8.14,2.86,7.3,0.1555,0,Unsuitable
paper,11.04,3.09,9.78,14.03,0.5946,1,Medium
organic,79.49,4.05,2.35,6.37,0.1706,0,Unsuitable
paper,16.88,3.77,7.86,14.34,0.5554,1,Medium
cardboard,15.4,3.37,8.34,17.86,0.6228,1,Medium
paper,27.13,2.45,7.42,13.61,0.5316,1,Medium
cardboard,5.95,1.15,7.42,16.32,0.7209,1,High
metal,1.4,0.1,0.61,0.19,0.4959,1,Low
metal,0.54,0.04,0.25,0.23,0.4627,1,Low
glass,1.89,1.59,0.0,0.0,0.4222,0,Low
glass,1.72,1.26,0.0,0.0,0.4466,0,Low
paper,20.03,3.82,7.85,16.15,0.5864,1,Medium
cardboard,23.58,3.92,7.13,16.33,0.5863,1,Medium
metal,1.68,2.96,0.02,0.23,0.447,0,Low
cardboard,11.48,1.92,9.93,16.42,0.6989,1,Medium
glass,1.33,1.51,0.0,0.0,0.4394,0,Low
organic,60.1,9.8,3.04,5.52,0.1023,0,Unsuitable
cardboard,10.59,3.42,8.17,16.59,0.7035,1,High
plastic,1.86,1.81,8.06,36.27,0.8821,1,High
glass,0.91,2.02,0.0,0.0,0.4397,0,Low
glass,3.58,1.4,0.0,0.0,0.4438,0,Low
paper,27.5,1.71,7.12,14.98,0.644,1,Medium
paper,10.96,3.74,7.39,16.23,0.5877,1,Medium
paper,22.76,3.57,9.98,14.37,0.63,1,Medium
metal,2.6,1.6,0.18,0.31,0.4142,0,Low
cardboard,10.29,0.16,7.32,15.72,0.6677,1,Medium
organic,41.31,4.96,2.77,4.89,0.3171,0,Unsuitable
organic,53.12,3.63,2.1,4.01,0.2919,0,Unsuitable
plastic,9.91,5.57,9.01,38.51,0.7493,1,High
cardboard,20.3,3.38,9.69,16.3,0.6415,1,Medium
glass,4.03,0.93,0.0,0.0,0.4961,1,Low
plastic,0.93,3.94,8.07,42.32,0.8261,1,High
glass,3.01,2.57,0.0,0.0,0.4087,0,Low
organic,57.93,4.86,3.57,5.13,0.2854,0,Unsuitable
cardboard,10.41,3.57,8.28,15.98,0.6354,1,Medium
cardboard,10.15,2.01,7.46,16.06,0.6232,1,Medium
plastic,4.13,4.94,8.51,45.52,0.8359,1,High
plastic,8.38,0.85,9.05,32.72,0.8527,1,High
organic,63.37,4.84,5.72,3.58,0.3164,0,Unsuitable
plastic,0.59,3.59,9.63,31.08,0.8119,1,High
glass,1.29,1.99,0.0,0.0,0.4174,0,Low
paper,13.08,2.94,9.15,14.77,0.6197,1,Medium
paper,7.6,5.0,8.37,16.49,0.6507,1,Medium
glass,0.44,0.34,0.0,0.0,0.411,0,Low
organic,54.21,6.17,3.66,3.95,0.2774,0,Unsuitable
organic,68.21,3.47,2.16,6.27,0.3643,0,Low
paper,21.39,0.47,9.85,15.99,0.6933,1,Medium
plastic,3.2,2.21,9.07,34.75,0.7951,1,High
cardboard,12.38,1.02,8.16,15.59,0.6637,1,Medium
paper,14.7,1.73,8.6,16.09,0.6685,1,Medium
metal,2.94,2.9,0.52,0.45,0.4186,0,Low
plastic,4.29,4.19,9.97,37.33,0.9252,1,High
cardboard,16.24,0.51,9.25,16.52,0.6675,1,Medium
organic,65.16,7.29,5.02,7.21,0.2009,0,Unsuitable
organic,41.46,6.89,2.87,7.3,0.3093,0,Unsuitable
plastic,1.88,2.03,9.41,33.27,0.7925,1,High
plastic,8.88,4.59,8.4,34.68,0.8239,1,High
cardboard,17.21,1.23,7.9,15.12,0.5655,1,Medium
glass,0.22,0.01,0.0,0.0,0.4448,0,Low
paper,17.15,2.18,7.97,15.09,0.6394,1,Medium
plastic,5.98,5.39,9.99,31.26,0.7681,1,High
cardboard,12.04,1.15,7.52,17.29,0.5791,1,Medium
paper,27.98,0.16,7.2,14.61,0.6599,1,Medium
paper,29.65,1.04,7.59,15.29,0.5055,1,Medium
paper,19.51,1.88,9.48,13.55,0.667,1,Medium
cardboard,22.36,1.48,8.7,15.21,0.6627,1,Medium
glass,0.35,2.18,0.0,0.0,0.4516,1,Low
organic,73.42,3.62,2.1,3.28,0.1705,0,Unsuitable
organic,49.39,6.84,3.7,6.98,0.3829,0,Low
cardboard,24.78,0.6,9.49,15.16,0.7341,1,High
metal,4.43,2.0,0.69,0.13,0.4312,0,Low
cardboard,15.43,1.85,7.98,15.92,0.6461,1,Medium
plastic,3.65,0.9,9.74,39.63,0.9255,1,High
plastic,8.48,1.43,8.3,30.14,0.7658,1,High
glass,3.81,2.96,0.0,0.0,0.4211,0,Low
organic,70.24,5.51,2.04,5.98,0.1581,0,Unsuitable
metal,1.29,0.57,0.12,0.28,0.4718,1,Low
paper,23.83,4.46,9.42,13.99,0.5886,1,Medium
glass,1.49,0.99,0.0,0.0,0.3757,0,Low
plastic,5.37,2.92,8.21,33.79,0.7767,1,High
plastic,0.67,5.59,8.25,33.17,0.7477,1,High
organic,76.01,8.08,2.27,6.46,0.1476,0,Unsuitable
cardboard,20.15,3.31,9.16,16.76,0.6055,1,Medium
organic,78.28,7.11,4.66,5.19,0.1935,0,Unsuitable
glass,4.99,0.48,0.0,0.0,0.3804,0,Low
organic,41.96,5.83,4.33,5.93,0.3117,0,Unsuitable
metal,3.6,1.92,0.79,0.31,0.4472,0,Low
cardboard,7.02,1.09,8.58,17.62,0.6851,1,Medium
metal,0.45,1.78,0.22,0.37,0.4758,1,Low
plastic,5.91,2.03,8.89,43.83,0.8091,1,High
metal,2.6,1.1,0.05,0.07,0.478,1,Low
cardboard,23.88,2.02,7.7,15.32,0.657,1,Medium
plastic,8.16,2.3,9.55,42.84,0.8462,1,High
paper,6.27,4.62,9.65,15.09,0.5973,1,Medium
plastic,2.12,4.92,9.0,30.54,0.7345,1,High
glass,4.15,0.83,0.0,0.0,0.379,0,Low
organic,61.3,7.5,3.85,5.1,0.1322,0,Unsuitable
paper,10.82,4.18,7.44,13.91,0.552,1,Medium
cardboard,9.3,0.65,8.69,16.1,0.705,1,High
paper,8.77,4.57,9.71,16.32,0.6514,1,Medium
organic,64.81,7.47,4.76,3.08,0.3075,0,Unsuitable
organic,71.26,5.64,2.05,5.55,0.2031,0,Unsuitable
metal,2.18,1.02,0.25,0.26,0.4297,0,Low
cardboard,8.46,1.28,7.88,16.63,0.7927,1,High
organic,65.75,9.65,3.14,6.46,0.1912,0,Unsuitable
paper,16.59,0.15,8.85,15.71,0.7677,1,High
paper,17.91,3.02,8.19,13.17,0.6829,1,Medium
plastic,9.96,0.09,9.12,42.02,0.9908,1,High
metal,2.73,1.86,0.7,0.43,0.4108,0,Low
paper,6.92,0.97,7.01,14.78,0.7157,1,High
organic,46.64,6.16,3.61,6.84,0.3126,0,Unsuitable
glass,0.62,0.89,0.0,0.0,0.4611,1,Low
metal,4.71,2.85,0.41,0.33,0.4284,0,Low
glass,0.16,0.43,0.0,0.0,0.4658,1,Low
glass,1.76,2.66,0.0,0.0,0.4108,0,Low
cardboard,14.89,0.79,9.58,17.47,0.7302,1,High
paper,26.94,4.8,7.69,16.73,0.5038,1,Medium
cardboard,16.21,1.37,7.87,15.72,0.6809,1,Medium
plastic,4.97,5.33,9.26,38.34,0.764,1,High
paper,10.23,4.11,7.6,15.87,0.604,1,Medium
plastic,5.75,5.18,8.58,44.11,0.9062,1,High
organic,66.58,8.92,5.97,5.1,0.2573,0,Unsuitable
glass,3.72,1.36,0.0,0.0,0.3155,0,Unsuitable
metal,1.13,2.52,0.4,0.2,0.4644,1,Low
cardboard,14.83,3.22,9.69,15.21,0.5821,1,Medium
plastic,6.14,2.68,8.8,37.55,0.8048,1,High
plastic,5.01,2.83,9.64,41.93,0.8552,1,High
metal,4.27,0.46,0.58,0.14,0.5078,1,Medium
glass,1.19,2.01,0.0,0.0,0.3567,0,Low
plastic,8.76,5.92,9.75,32.65,0.808,1,High
plastic,0.32,2.36,9.74,41.02,0.9382,1,High
cardboard,21.25,2.84,8.41,17.68,0.7115,1,High
plastic,1.7,3.86,9.94,33.96,0.7299,1,High
cardboard,9.53,2.01,9.97,15.04,0.6463,1,Medium
organic,60.49,8.65,3.42,5.05,0.1774,0,Unsuitable
paper,24.62,0.68,8.18,16.57,0.6481,1,Medium
glass,1.49,1.67,0.0,0.0,0.4363,0,Low
glass,2.65,2.12,0.0,0.0,0.422,0,Low
paper,9.37,3.82,8.08,16.13,0.5543,1,Medium
glass,2.49,0.1,0.0,0.0,0.3763,0,Low
paper,7.02,4.41,9.39,16.48,0.7008,1,High
metal,2.63,1.96,0.92,0.05,0.3658,0,Low
glass,0.36,2.83,0.0,0.0,0.4122,0,Low
glass,0.81,2.4,0.0,0.0,0.3958,0,Low
organic,54.19,7.54,4.06,4.3,0.2518,0,Unsuitable
plastic,1.03,3.83,8.7,33.47,0.8079,1,High
cardboard,18.74,2.16,9.8,16.16,0.7594,1,High
glass,3.7,2.97,0.0,0.0,0.3779,0,Low
cardboard,12.07,2.72,9.31,17.99,0.7507,1,High
metal,2.98,0.36,0.24,0.16,0.4977,1,Low
cardboard,8.68,0.66,7.13,17.62,0.6338,1,Medium
plastic,0.28,3.35,8.57,39.55,0.7944,1,High
cardboard,23.47,1.15,9.04,15.16,0.615,1,Medium
organic,69.56,6.26,2.88,7.06,0.1278,0,Unsuitable
organic,48.88,6.16,3.85,7.13,0.3342,0,Unsuitable
plastic,6.5,1.62,8.74,30.73,0.7827,1,High
metal,2.16,1.31,0.25,0.1,0.4477,0,Low
organic,42.57,8.37,3.51,4.9,0.2281,0,Unsuitable
paper,25.38,1.6,9.27,16.76,0.6258,1,Medium
organic,69.91,6.21,3.66,5.63,0.2521,0,Unsuitable
plastic,1.04,2.49,8.25,36.57,0.791,1,High
paper,5.91,3.11,8.37,13.08,0.5676,1,Medium
organic,48.67,4.92,3.61,5.65,0.3149,0,Unsuitable
cardboard,6.87,2.2,7.99,16.65,0.5939,1,Medium
cardboard,5.48,3.77,7.32,15.38,0.6153,1,Medium
organic,64.71,7.27,5.95,3.44,0.2965,0,Unsuitable
organic,48.16,7.36,3.68,4.92,0.291,0,Unsuitable
paper,29.93,1.9,8.95,16.87,0.6549,1,Medium
cardboard,23.46,2.27,9.11,15.45,0.6,1,Medium
cardboard,14.12,0.62,7.73,17.56,0.6939,1,Medium
glass,3.54,3.0,0.0,0.0,0.362,0,Low
metal,2.95,2.05,0.59,0.18,0.3586,0,Low
cardboard,16.89,0.83,8.69,17.65,0.7173,1,High
glass,1.61,0.26,0.0,0.0,0.3277,0,Unsuitable
plastic,2.22,4.89,8.34,34.54,0.7901,1,High
cardboard,20.97,3.83,9.63,15.46,0.6436,1,Medium
paper,8.7,4.57,8.55,14.35,0.6328,1,Medium
metal,1.24,2.74,0.8,0.48,0.3504,0,Low
cardboard,16.84,1.03,8.63,15.96,0.6428,1,Medium
cardboard,8.67,1.88,8.95,15.38,0.7386,1,High
metal,2.53,2.46,0.65,0.36,0.5031,1,Medium
metal,3.07,0.83,0.1,0.3,0.5196,1,Medium
organic,49.65,3.42,4.2,3.8,0.2755,0,Unsuitable
metal,4.11,0.93,0.55,0.28,0.3642,0,Low
glass,3.28,0.63,0.0,0.0,0.48,1,Low
metal,1.22,2.24,0.08,0.39,0.3685,0,Low
metal,0.55,0.24,0.75,0.15,0.453,1,Low
plastic,6.98,1.67,9.42,45.17,0.8683,1,High
glass,1.63,0.7,0.0,0.0,0.3244,0,Unsuitable
cardboard,11.28,0.57,7.8,17.58,0.6298,1,Medium
metal,1.89,2.37,0.06,0.13,0.319,0,Unsuitable
cardboard,19.12,2.47,7.01,15.55,0.5968,1,Medium
organic,55.19,9.47,5.06,5.24,0.1899,0,Unsuitable
paper,27.97,1.24,9.66,13.39,0.623,1,Medium
metal,3.91,1.84,0.5,0.31,0.4237,0,Low
organic,50.8,7.18,3.77,4.22,0.2521,0,Unsuitable
paper,14.35,2.23,8.23,13.73,0.7461,1,High
cardboard,5.33,3.86,9.45,17.17,0.5984,1,Medium
plastic,9.07,2.02,9.22,39.74,0.8545,1,High
paper,7.85,3.3,9.34,16.04,0.7178,1,High
paper,10.13,2.27,8.64,16.68,0.5704,1,Medium
plastic,4.65,0.28,8.17,36.24,0.8695,1,High
organic,78.13,4.37,5.84,6.8,0.282,0,Unsuitable
cardboard,11.63,2.59,7.56,17.81,0.6556,1,Medium
glass,1.28,2.13,0.0,0.0,0.3974,0,Low
cardboard,18.47,1.08,7.82,15.49,0.671,1,Medium
cardboard,11.63,1.82,7.57,15.58,0.6021,1,Medium
paper,22.22,4.72,8.28,16.6,0.5445,1,Medium
cardboard,5.86,2.89,9.28,17.53,0.7015,1,High
cardboard,12.53,1.21,7.52,17.99,0.6316,1,Medium
glass,4.14,1.92,0.0,0.0,0.4621,1,Low
paper,5.02,2.99,8.06,13.5,0.615,1,Medium
paper,13.29,0.35,7.17,16.66,0.7086,1,High
glass,4.82,0.43,0.0,0.0,0.3931,0,Low
organic,43.85,4.32,2.31,6.02,0.3849,0,Low
metal,3.55,2.95,0.68,0.02,0.4326,0,Low
glass,1.82,0.01,0.0,0.0,0.4506,1,Low
glass,0.87,0.17,0.0,0.0,0.4828,1,Low
plastic,1.43,1.73,8.39,30.43,0.769,1,High
plastic,6.48,2.33,9.11,31.51,0.8172,1,High
glass,4.66,2.28,0.0,0.0,0.4082,0,Low
metal,2.08,0.01,0.06,0.05,0.3887,0,Low
organic,54.07,7.91,5.16,5.95,0.2619,0,Unsuitable
organic,54.19,3.09,3.12,4.65,0.3353,0,Unsuitable
glass,4.06,2.28,0.0,0.0,0.4052,0,Low
organic,47.79,7.54,3.93,5.2,0.4017,0,Low
glass,2.59,0.3,0.0,0.0,0.4632,1,Low
paper,13.88,1.61,9.69,15.25,0.6534,1,Medium
paper,12.5,0.57,8.67,14.38,0.7311,1,High
metal,2.36,2.91,0.55,0.14,0.4278,0,Low
organic,41.49,8.63,2.41,4.54,0.2587,0,Unsuitable
paper,6.98,3.48,7.22,14.91,0.5482,1,Medium
cardboard,9.56,0.76,9.29,17.85,0.7209,1,High
organic,63.79,7.49,4.84,6.52,0.2185,0,Unsuitable
organic,59.34,6.73,3.3,3.53,0.2055,0,Unsuitable
plastic,2.76,0.57,8.38,40.22,0.9007,1,High
cardboard,13.42,0.36,8.3,16.06,0.6232,1,Medium
glass,2.46,1.46,0.0,0.0,0.33,0,Unsuitable
metal,2.4,0.08,0.94,0.16,0.4579,1,Low
organic,68.75,3.33,2.25,3.13,0.3128,0,Unsuitable
organic,42.86,9.53,5.75,5.73,0.3388,0,Unsuitable
plastic,0.64,4.42,8.2,31.37,0.7752,1,High
paper,5.31,2.17,9.12,16.21,0.6283,1,Medium
paper,15.16,4.24,8.52,13.89,0.6421,1,Medium
organic,51.0,3.18,2.97,4.83,0.2793,0,Unsuitable
plastic,8.83,1.75,9.04,35.44,0.8133,1,High
metal,0.79,0.31,0.5,0.34,0.413,0,Low
cardboard,20.48,1.57,7.1,15.35,0.5567,1,Medium
metal,1.64,1.49,0.36,0.28,0.5116,1,Medium
metal,3.33,0.95,0.35,0.29,0.3617,0,Low
glass,1.57,0.99,0.0,0.0,0.4391,0,Low
plastic,8.93,0.22,9.71,32.61,0.857,1,High
plastic,4.24,0.06,9.83,37.28,0.9628,1,High
cardboard,22.33,3.69,8.67,15.61,0.5482,1,Medium
paper,18.72,4.72,8.32,14.07,0.5774,1,Medium
plastic,9.74,0.17,9.48,44.83,0.9856,1,High
glass,0.55,2.08,0.0,0.0,0.4523,1,Low
plastic,9.07,5.27,9.63,38.25,0.8008,1,High
metal,2.53,0.3,0.66,0.07,0.4357,0,Low
metal,1.5,0.7,0.62,0.39,0.485,1,Low
cardboard,22.01,3.44,8.03,16.98,0.6149,1,Medium
plastic,5.29,0.52,9.76,44.79,1.0,1,High
cardboard,16.25,2.23,9.95,15.74,0.7365,1,High
cardboard,11.58,1.29,7.02,16.79,0.667,1,Medium
metal,0.94,0.12,0.36,0.44,0.4411,0,Low
cardboard,20.13,1.31,9.46,17.08,0.6509,1,Medium
glass,0.0,0.11,0.0,0.0,0.3996,0,Low
paper,5.51,3.96,8.35,16.16,0.6399,1,Medium
organic,51.53,8.26,5.17,6.1,0.2481,0,Unsuitable
plastic,9.67,2.64,8.89,38.84,0.8705,1,High
paper,18.82,2.16,9.48,16.64,0.6841,1,Medium
paper,16.05,3.53,9.51,15.25,0.6711,1,Medium
metal,3.75,2.03,0.75,0.1,0.4114,0,Low
organic,64.4,3.9,5.27,6.59,0.3294,0,Unsuitable
organic,55.68,8.98,3.66,5.85,0.2145,0,Unsuitable
metal,3.59,1.7,0.5,0.4,0.4368,0,Low
metal,1.39,2.88,0.71,0.49,0.4762,1,Low
plastic,7.55,3.66,8.34,38.69,0.8196,1,High
organic,60.83,9.08,2.44,4.9,0.1676,0,Unsuitable
organic,44.34,4.07,5.35,5.42,0.3513,0,Low
plastic,0.16,2.84,8.33,41.28,0.9094,1,High
metal,2.96,0.46,0.3,0.44,0.4795,1,Low
paper,27.15,1.13,7.99,14.88,0.6403,1,Medium
organic,44.58,8.96,5.45,5.77,0.2071,0,Unsuitable
organic,60.77,5.05,5.2,5.49,0.3354,0,Unsuitable
metal,2.57,2.13,0.5,0.45,0.4573,1,Low
metal,4.87,2.44,0.86,0.24,0.4418,0,Low
paper,24.05,0.7,7.92,14.78,0.6176,1,Medium
paper,14.68,4.1,7.77,15.98,0.6531,1,Medium
cardboard,20.84,1.61,9.17,17.75,0.6116,1,Medium
glass,1.95,1.45,0.0,0.0,0.4421,0,Low
cardboard,21.12,0.35,7.13,17.99,0.6745,1,Medium
paper,15.96,1.43,7.39,15.0,0.6663,1,Medium
plastic,0.04,0.86,8.49,33.18,0.9334,1,High
organic,66.24,5.29,4.46,7.45,0.3611,0,Low
metal,1.83,0.48,0.32,0.48,0.4917,1,Low
glass,1.39,1.35,0.0,0.0,0.4362,0,Low
glass,3.36,1.93,0.0,0.0,0.4534,1,Low
organic,63.95,5.91,4.36,3.31,0.2959,0,Unsuitable
cardboard,21.09,2.14,7.83,15.09,0.6418,1,Medium
paper,9.41,0.26,9.27,14.4,0.7018,1,High
paper,26.48,1.49,7.63,14.24,0.641,1,Medium
paper,12.94,0.41,7.48,14.67,0.6601,1,Medium
metal,1.06,2.73,0.89,0.34,0.3457,0,Unsuitable
cardboard,13.4,0.84,7.39,16.14,0.6772,1,Medium
organic,64.43,5.07,3.38,6.95,0.2653,0,Unsuitable
plastic,3.22,3.43,8.56,30.85,0.9019,1,High
cardboard,13.51,1.95,7.55,15.28,0.7571,1,High
paper,28.81,3.08,8.14,13.16,0.4791,1,Low
metal,2.71,2.26,0.42,0.15,0.377,0,Low
cardboard,5.5,1.72,9.65,15.73,0.7542,1,High
organic,42.43,4.07,3.33,6.35,0.3194,0,Unsuitable
glass,3.67,2.6,0.0,0.0,0.3888,0,Low
organic,73.29,8.11,5.21,7.67,0.1886,0,Unsuitable
organic,65.53,6.6,5.4,5.16,0.3273,0,Unsuitable
glass,4.81,0.75,0.0,0.0,0.3877,0,Low
glass,4.53,1.72,0.0,0.0,0.4698,1,Low
paper,23.12,3.98,8.32,13.84,0.6012,1,Medium
paper,26.41,2.55,7.27,15.87,0.5827,1,Medium
organic,52.38,4.4,2.34,5.56,0.2082,0,Unsuitable
organic,70.05,6.25,3.38,4.31,0.2307,0,Unsuitable
cardboard,8.3,3.95,7.98,15.27,0.5684,1,Medium
organic,42.34,8.53,4.05,4.68,0.2918,0,Unsuitable
paper,28.5,4.81,9.04,16.27,0.5908,1,Medium
metal,2.46,2.11,0.08,0.38,0.3076,0,Unsuitable
metal,4.18,2.8,0.23,0.26,0.3344,0,Unsuitable
cardboard,24.2,0.51,8.05,17.09,0.6161,1,Medium
glass,0.12,0.46,0.0,0.0,0.4265,0,Low
paper,24.46,2.08,7.82,13.06,0.5487,1,Medium
cardboard,8.56,0.08,7.47,17.0,0.7027,1,High
paper,28.39,3.99,8.7,13.55,0.628,1,Medium
paper,15.77,1.95,8.28,14.12,0.6699,1,Medium
cardboard,21.82,3.07,8.88,16.62,0.6,1,Medium
metal,2.72,0.81,0.33,0.47,0.3499,0,Unsuitable
glass,2.38,1.86,0.0,0.0,0.4503,1,Low
cardboard,18.71,0.16,9.39,15.85,0.7345,1,High
plastic,6.43,3.92,9.22,45.35,0.871,1,High
plastic,7.05,1.42,8.57,36.78,0.866,1,High
glass,1.83,1.17,0.0,0.0,0.4431,0,Low
cardboard,19.12,0.33,8.41,15.08,0.694,1,Medium
plastic,3.44,5.7,8.65,39.02,0.7917,1,High
cardboard,14.34,1.48,7.61,15.33,0.7357,1,High
metal,5.0,1.24,0.0,0.48,0.3887,0,Low
glass,3.59,2.74,0.0,0.0,0.3754,0,Low
plastic,9.87,5.1,9.86,34.08,0.7577,1,High
organic,60.63,6.66,5.7,6.1,0.2461,0,Unsuitable
metal,2.0,0.4,0.19,0.07,0.4249,0,Low
glass,2.65,1.12,0.0,0.0,0.4161,0,Low
glass,2.74,2.46,0.0,0.0,0.4539,1,Low
paper,14.9,1.52,8.56,15.18,0.6711,1,Medium
plastic,4.31,1.31,9.73,35.54,0.8666,1,High
cardboard,16.2,2.15,9.49,15.42,0.6475,1,Medium
paper,18.29,2.93,8.53,13.14,0.6974,1,Medium
cardboard,11.85,2.6,8.49,15.28,0.6066,1,Medium
paper,9.64,0.95,8.82,13.71,0.6862,1,Medium
paper,7.28,4.38,7.89,14.7,0.5485,1,Medium
paper,28.61,3.57,7.21,15.37,0.4956,1,Low
cardboard,7.12,1.58,7.95,15.39,0.6208,1,Medium
organic,50.95,5.41,2.36,5.49,0.2513,0,Unsuitable
paper,8.58,4.77,7.43,15.09,0.6616,1,Medium
plastic,0.76,1.21,8.11,32.23,0.7817,1,High
organic,43.49,6.09,4.32,4.17,0.1936,0,Unsuitable
metal,0.36,0.66,0.47,0.5,0.5383,1,Medium
organic,56.92,3.56,3.29,4.19,0.287,0,Unsuitable
organic,43.81,6.17,3.36,3.9,0.2345,0,Unsuitable
paper,26.3,1.2,8.62,13.74,0.5087,1,Medium
plastic,1.52,0.97,9.22,34.22,0.8905,1,High
paper,6.08,2.83,8.64,14.0,0.6984,1,Medium
organic,43.51,8.05,2.89,3.97,0.1882,0,Unsuitable
plastic,7.96,5.68,9.3,40.61,0.8665,1,High
organic,76.21,6.58,3.42,6.2,0.1807,0,Unsuitable
glass,1.96,0.94,0.0,0.0,0.4905,1,Low
cardboard,13.85,3.01,7.41,17.77,0.749,1,High
metal,1.21,0.8,0.37,0.36,0.4024,0,Low
paper,21.73,2.74,8.35,16.31,0.6854,1,Medium
paper,28.84,1.98,9.4,16.87,0.5845,1,Medium
paper,9.04,2.93,7.36,16.16,0.6449,1,Medium
glass,4.55,0.54,0.0,0.0,0.4621,1,Low
glass,0.87,0.09,0.0,0.0,0.3771,0,Low
cardboard,14.01,1.48,7.82,17.19,0.6185,1,Medium
cardboard,15.8,3.69,8.62,16.85,0.6574,1,Medium
glass,0.5,2.29,0.0,0.0,0.4152,0,Low
paper,13.08,2.96,8.87,15.75,0.6318,1,Medium
plastic,6.59,3.36,8.61,44.52,0.886,1,High
paper,22.8,3.64,9.75,15.07,0.691,1,Medium
metal,3.85,1.5,0.77,0.13,0.3565,0,Low
glass,4.33,0.95,0.0,0.0,0.4491,0,Low
metal,1.93,2.99,0.15,0.26,0.419,0,Low
organic,71.94,9.36,4.92,6.13,0.1485,0,Unsuitable
cardboard,15.19,0.08,8.51,17.57,0.6566,1,Medium
metal,3.98,1.17,0.53,0.02,0.4279,0,Low
metal,1.28,0.09,0.69,0.22,0.4784,1,Low
plastic,2.5,3.23,8.88,37.58,0.8706,1,High
cardboard,23.15,0.28,8.35,15.62,0.6669,1,Medium
cardboard,10.6,3.44,8.19,16.92,0.5298,1,Medium
glass,2.02,1.61,0.0,0.0,0.3703,0,Low
cardboard,24.91,1.18,9.37,16.67,0.7181,1,High
metal,3.27,2.7,0.73,0.06,0.3599,0,Low
organic,59.37,9.43,5.23,3.52,0.2102,0,Unsuitable
paper,17.33,0.4,9.17,15.21,0.7278,1,High
cardboard,10.6,2.08,7.35,17.65,0.6178,1,Medium
organic,48.2,8.64,2.42,6.07,0.2946,0,Unsuitable
cardboard,20.02,0.76,7.18,16.35,0.6677,1,Medium
glass,1.78,1.35,0.0,0.0,0.3808,0,Low
glass,3.39,0.21,0.0,0.0,0.4725,1,Low
paper,13.36,0.76,7.66,16.49,0.7224,1,High
cardboard,8.53,2.23,7.77,17.93,0.6401,1,Medium
plastic,7.73,0.4,8.34,36.15,1.0,1,High
glass,3.28,2.35,0.0,0.0,0.3975,0,Low
metal,1.32,2.56,0.02,0.1,0.4146,0,Low
glass,1.7,0.45,0.0,0.0,0.5026,1,Medium
glass,0.15,1.4,0.0,0.0,0.3543,0,Low
cardboard,22.75,1.13,9.45,17.06,0.6703,1,Medium
paper,25.39,3.97,9.27,16.99,0.5619,1,Medium
plastic,8.07,5.17,8.42,30.67,0.74,1,High
organic,51.56,7.9,2.03,4.78,0.3256,0,Unsuitable
organic,45.19,9.28,2.63,7.55,0.1968,0,Unsuitable
metal,3.02,0.25,0.07,0.04,0.501,1,Medium
organic,72.38,5.82,3.78,5.95,0.2441,0,Unsuitable
paper,16.79,3.57,9.99,14.4,0.6227,1,Medium
glass,0.63,1.66,0.0,0.0,0.4165,0,Low
cardboard,20.96,1.03,9.46,15.01,0.7362,1,High
metal,4.67,2.36,0.85,0.2,0.4879,1,Low
organic,64.74,3.41,2.81,5.75,0.2992,0,Unsuitable
metal,3.71,2.52,0.92,0.05,0.442,0,Low
paper,16.85,4.2,7.21,13.07,0.5683,1,Medium
cardboard,15.23,3.25,7.38,15.37,0.5461,1,Medium
cardboard,19.6,3.8,9.3,17.63,0.6436,1,Medium
paper,25.81,0.91,7.21,15.62,0.5924,1,Medium
plastic,6.92,5.71,8.63,37.78,0.83,1,High
organic,49.71,6.79,4.64,7.89,0.2883,0,Unsuitable
plastic,5.89,0.88,8.86,34.54,0.912,1,High
plastic,5.12,0.99,9.18,32.72,0.9389,1,High
glass,4.48,0.08,0.0,0.0,0.3865,0,Low
paper,16.79,4.21,9.75,14.21,0.5959,1,Medium
glass,2.91,0.6,0.0,0.0,0.4068,0,Low
glass,1.8,1.32,0.0,0.0,0.4406,0,Low
organic,71.92,8.23,2.08,4.37,0.1903,0,Unsuitable
glass,2.98,2.76,0.0,0.0,0.3985,0,Low
plastic,0.52,4.45,8.3,34.11,0.787,1,High
plastic,0.14,0.01,9.02,34.88,0.868,1,High
metal,1.14,1.78,0.38,0.09,0.425,0,Low
metal,1.18,0.09,0.31,0.45,0.4825,1,Low
cardboard,16.52,2.27,9.49,15.71,0.6911,1,Medium
plastic,3.02,0.25,8.63,44.05,0.9309,1,High
metal,2.29,1.14,0.49,0.28,0.4498,0,Low
cardboard,21.84,3.89,8.96,16.98,0.6023,1,Medium
paper,8.72,2.92,7.13,16.3,0.6732,1,Medium
plastic,4.15,1.96,9.94,32.8,0.8631,1,High
metal,3.29,2.98,0.24,0.45,0.3794,0,Low
cardboard,17.96,0.16,8.49,16.96,0.6326,1,Medium
organic,73.14,9.79,3.84,6.18,0.1258,0,Unsuitable
paper,11.04,4.32,7.84,16.1,0.5738,1,Medium
glass,2.67,1.57,0.0,0.0,0.49,1,Low
paper,11.78,1.79,8.44,14.98,0.602,1,Medium
cardboard,5.38,1.82,8.85,16.38,0.6961,1,Medium
glass,1.99,1.23,0.0,0.0,0.4826,1,Low
glass,2.58,2.63,0.0,0.0,0.3825,0,Low
metal,2.16,0.9,0.76,0.12,0.5033,1,Medium
metal,3.87,2.55,0.73,0.28,0.3326,0,Unsuitable
plastic,6.81,1.41,9.1,42.33,0.8352,1,High
metal,2.41,1.51,0.09,0.33,0.4355,0,Low
metal,1.83,0.15,0.03,0.49,0.3758,0,Low
cardboard,10.5,3.92,7.76,17.18,0.6297,1,Medium
plastic,0.7,4.1,8.0,40.81,0.8367,1,High
cardboard,20.4,2.9,7.07,17.11,0.7235,1,High
glass,1.21,0.82,0.0,0.0,0.4488,0,Low
organic,41.49,6.88,4.3,4.52,0.3027,0,Unsuitable
glass,0.81,1.09,0.0,0.0,0.3881,0,Low
organic,59.57,3.53,4.71,6.95,0.3146,0,Unsuitable
cardboard,24.63,2.69,9.31,16.52,0.6527,1,Medium
cardboard,22.67,0.94,8.49,17.19,0.6823,1,Medium
metal,1.06,2.93,0.43,0.09,0.3489,0,Unsuitable
cardboard,17.46,3.69,9.96,16.96,0.6248,1,Medium
plastic,3.22,5.14,8.44,31.7,0.712,1,High
cardboard,11.07,2.7,8.4,15.97,0.6378,1,Medium
organic,45.44,6.85,3.79,5.56,0.3369,0,Unsuitable
metal,3.19,2.7,0.11,0.31,0.4299,0,Low
organic,53.24,4.37,3.06,4.36,0.3427,0,Unsuitable
metal,1.36,1.95,0.05,0.17,0.4546,1,Low
paper,9.4,1.1,7.6,13.0,0.6678,1,Medium
plastic,2.73,5.97,9.84,33.44,0.7869,1,High
cardboard,14.27,3.38,9.41,15.38,0.5083,1,Medium
glass,4.41,0.32,0.0,0.0,0.3954,0,Low
organic,76.66,6.18,2.33,5.9,0.2014,0,Unsuitable
metal,1.7,2.62,0.27,0.08,0.3616,0,Low
glass,0.17,0.84,0.0,0.0,0.2789,0,Unsuitable
plastic,0.78,5.25,9.89,30.74,0.7692,1,High
cardboard,19.74,3.99,8.04,15.86,0.612,1,Medium
plastic,7.29,2.83,8.49,41.63,0.8952,1,High
organic,56.0,7.68,3.6,5.39,0.2197,0,Unsuitable
organic,79.1,6.11,3.37,4.87,0.176,0,Unsuitable
glass,1.48,0.26,0.0,0.0,0.478,1,Low
paper,27.53,2.83,7.58,14.38,0.6054,1,Medium
metal,2.53,0.45,0.45,0.27,0.4537,1,Low
organic,42.81,5.36,5.22,4.3,0.4457,0,Low
metal,2.05,0.95,0.92,0.17,0.3036,0,Unsuitable
organic,69.84,7.77,2.2,3.66,0.1515,0,Unsuitable
organic,48.38,4.58,5.12,4.43,0.3826,0,Low
paper,16.08,3.09,9.61,13.44,0.5736,1,Medium
cardboard,15.6,1.46,8.45,17.77,0.6527,1,Medium
plastic,9.89,0.39,9.86,38.03,0.8958,1,High
plastic,9.22,3.04,8.88,34.36,0.7875,1,High
cardboard,9.29,2.84,8.93,16.19,0.6619,1,Medium
metal,2.23,0.02,0.07,0.22,0.3647,0,Low
glass,3.28,0.93,0.0,0.0,0.4865,1,Low
paper,29.17,4.34,7.96,16.0,0.5478,1,Medium
cardboard,14.82,0.07,7.82,17.87,0.7138,1,High
glass,0.91,0.56,0.0,0.0,0.441,0,Low
metal,1.04,0.14,0.46,0.41,0.3813,0,Low
plastic,4.09,3.57,8.87,39.26,0.8553,1,High
paper,17.69,4.7,8.28,13.06,0.6197,1,Medium
glass,2.5,1.62,0.0,0.0,0.4232,0,Low
plastic,7.04,2.47,8.8,32.86,0.8324,1,High
metal,3.93,2.73,0.59,0.15,0.367,0,Low
metal,1.66,2.48,0.07,0.01,0.2595,0,Unsuitable
glass,0.78,2.64,0.0,0.0,0.4513,1,Low
paper,12.54,0.69,8.97,13.55,0.6649,1,Medium
plastic,2.02,4.39,9.61,32.01,0.7526,1,High
cardboard,14.26,2.52,7.07,15.84,0.6117,1,Medium
organic,75.45,4.9,5.1,6.31,0.2047,0,Unsuitable
metal,1.19,1.33,0.64,0.22,0.3626,0,Low
paper,22.4,2.92,8.56,15.22,0.5592,1,Medium
metal,1.94,1.09,0.15,0.3,0.4877,1,Low
glass,1.7,2.58,0.0,0.0,0.4731,1,Low
organic,79.99,4.58,3.12,5.21,0.1988,0,Unsuitable
plastic,6.92,2.89,8.44,38.1,0.831,1,High
glass,2.49,0.87,0.0,0.0,0.3471,0,Unsuitable
glass,2.86,2.64,0.0,0.0,0.302,0,Unsuitable
glass,2.33,1.16,0.0,0.0,0.437,0,Low
cardboard,19.98,2.67,9.76,16.22,0.6541,1,Medium
glass,4.4,1.42,0.0,0.0,0.5066,1,Medium
paper,22.92,1.43,9.27,15.52,0.6339,1,Medium
paper,20.78,0.77,8.09,15.9,0.6451,1,Medium
paper,9.7,4.29,7.16,15.38,0.6676,1,Medium
organic,72.03,7.17,5.13,6.28,0.2962,0,Unsuitable
metal,1.14,2.23,0.24,0.49,0.3698,0,Low
organic,74.35,4.7,3.44,6.57,0.2627,0,Unsuitable
paper,8.98,2.43,7.73,13.94,0.6319,1,Medium
cardboard,11.37,0.12,8.86,16.88,0.7016,1,High
plastic,3.17,5.24,9.16,36.59,0.8576,1,High
metal,4.06,2.74,0.91,0.11,0.4313,0,Low
paper,9.02,1.54,8.0,15.53,0.6243,1,Medium
paper,7.58,0.03,9.56,15.82,0.6697,1,Medium
organic,63.82,4.56,2.67,5.36,0.2824,0,Unsuitable
metal,1.09,1.99,0.77,0.08,0.4089,0,Low
metal,2.2,2.32,0.65,0.35,0.4038,0,Low
paper,18.29,1.02,9.18,13.79,0.6181,1,Medium
paper,17.66,2.43,8.8,14.75,0.6121,1,Medium
plastic,8.79,3.78,9.27,39.75,0.8968,1,High
organic,52.88,7.14,2.1,3.04,0.1682,0,Unsuitable
cardboard,15.5,2.46,7.59,17.69,0.5524,1,Medium
cardboard,22.69,3.05,7.72,15.45,0.6315,1,Medium
metal,1.23,3.0,0.23,0.42,0.4101,0,Low
plastic,9.8,1.35,8.84,38.94,0.952,1,High
metal,1.37,1.65,0.55,0.3,0.461,1,Low
glass,0.84,0.48,0.0,0.0,0.3998,0,Low
paper,20.59,1.79,7.83,15.01,0.6629,1,Medium
metal,1.72,1.36,0.51,0.49,0.4875,1,Low
plastic,1.5,2.1,9.43,32.79,0.8084,1,High
plastic,4.17,0.31,9.87,36.62,0.913,1,High
organic,77.49,5.03,3.65,6.79,0.1612,0,Unsuitable
plastic,3.64,5.97,9.11,41.03,0.8211,1,High
metal,4.31,1.69,0.29,0.01,0.3231,0,Unsuitable
glass,4.13,1.35,0.0,0.0,0.4239,0,Low
glass,0.86,1.84,0.0,0.0,0.3767,0,Low
organic,77.06,7.21,5.07,3.27,0.1937,0,Unsuitable
glass,1.53,1.29,0.0,0.0,0.431,0,Low
metal,2.2,0.64,0.92,0.49,0.4675,1,Low
organic,48.78,6.34,5.5,5.5,0.3401,0,Unsuitable
paper,6.0,1.14,9.53,15.49,0.7611,1,High
metal,4.65,0.99,0.83,0.45,0.3045,0,Unsuitable
paper,27.36,1.38,8.98,13.35,0.676,1,Medium
metal,0.31,0.01,0.32,0.29,0.4932,1,Low
paper,12.54,4.96,9.82,13.5,0.5696,1,Medium
metal,3.67,1.1,0.75,0.06,0.3815,0,Low
metal,3.58,1.88,0.84,0.02,0.4256,0,Low
organic,47.68,3.03,4.02,5.64,0.3442,0,Unsuitable
cardboard,12.7,0.01,9.02,15.16,0.657,1,Medium
paper,18.26,4.47,8.72,15.43,0.5614,1,Medium
cardboard,7.45,2.7,9.64,17.92,0.6881,1,Medium
paper,23.83,2.71,7.77,13.69,0.5465,1,Medium
plastic,4.59,1.02,8.04,30.83,0.8461,1,High
cardboard,6.46,1.8,7.74,17.89,0.6998,1,Medium
cardboard,13.09,1.79,8.13,15.11,0.638,1,Medium
cardboard,7.05,2.24,7.3,15.31,0.7258,1,High
cardboard,13.85,0.55,7.01,15.58,0.699,1,Medium
organic,76.62,5.84,3.62,6.56,0.2166,0,Unsuitable
glass,0.92,0.32,0.0,0.0,0.4307,0,Low
organic,52.24,4.83,3.84,6.27,0.3106,0,Unsuitable
paper,10.04,0.51,9.47,14.92,0.7243,1,High
plastic,8.04,4.51,9.75,39.63,0.8043,1,High
paper,15.67,0.97,8.95,15.34,0.7009,1,High
organic,54.74,3.35,3.31,7.35,0.3398,0,Unsuitable
organic,59.62,9.69,5.5,7.13,0.3154,0,Unsuitable
plastic,7.56,3.46,9.44,32.84,0.7634,1,High
plastic,9.58,1.82,9.97,36.05,0.7835,1,High
glass,3.92,1.66,0.0,0.0,0.3495,0,Unsuitable
cardboard,13.97,3.45,9.0,17.29,0.6274,1,Medium
paper,11.04,1.31,7.28,15.22,0.5636,1,Medium
organic,69.04,5.35,2.05,6.16,0.365,0,Low
organic,51.27,5.98,3.0,4.73,0.2718,0,Unsuitable
paper,13.63,1.98,7.12,16.67,0.6656,1,Medium
glass,0.43,1.9,0.0,0.0,0.3996,0,Low
paper,8.66,3.01,9.76,14.75,0.5877,1,Medium
metal,3.71,0.74,0.16,0.18,0.4472,0,Low
glass,3.48,2.0,0.0,0.0,0.3635,0,Low
glass,4.34,1.75,0.0,0.0,0.3026,0,Unsuitable
cardboard,19.97,2.66,7.61,17.74,0.6239,1,Medium
metal,3.25,2.71,0.93,0.3,0.3793,0,Low
metal,1.82,2.46,0.64,0.04,0.4252,0,Low
glass,4.42,2.86,0.0,0.0,0.4202,0,Low
organic,52.63,4.02,5.99,3.15,0.4017,0,Low
cardboard,18.64,1.02,9.16,15.65,0.7476,1,High
metal,1.1,2.09,0.78,0.09,0.3468,0,Unsuitable
cardboard,6.72,0.76,8.37,17.79,0.6672,1,Medium
glass,1.94,2.94,0.0,0.0,0.3476,0,Unsuitable
paper,13.14,3.44,7.12,15.73,0.51,1,Medium
paper,14.61,0.73,8.66,15.92,0.6077,1,Medium
cardboard,9.53,3.27,7.8,17.32,0.5954,1,Medium
cardboard,8.77,2.91,8.41,15.09,0.6025,1,Medium
plastic,3.53,2.31,8.98,42.57,0.8941,1,High
cardboard,23.65,2.58,9.85,17.45,0.7037,1,High
cardboard,12.15,1.77,8.97,16.28,0.7475,1,High
metal,0.46,2.49,0.2,0.47,0.3976,0,Low
cardboard,21.24,3.27,9.22,17.88,0.6512,1,Medium
cardboard,21.53,1.41,8.61,16.34,0.6522,1,Medium
cardboard,19.95,0.7,9.79,16.59,0.7152,1,High
metal,3.23,0.58,0.06,0.34,0.3793,0,Low
cardboard,19.8,0.22,9.43,17.39,0.7146,1,High
cardboard,15.37,0.39,8.9,15.19,0.6284,1,Medium
glass,3.41,0.38,0.0,0.0,0.4812,1,Low
paper,29.97,0.13,7.0,14.4,0.5065,1,Medium
cardboard,23.25,3.52,7.43,16.24,0.6752,1,Medium
organic,52.5,7.64,2.95,4.62,0.3179,0,Unsuitable
plastic,9.64,1.84,8.05,34.08,0.7721,1,High
paper,17.67,0.56,8.88,16.5,0.756,1,High
cardboard,13.0,3.14,8.77,15.3,0.605,1,Medium
paper,16.7,1.64,7.33,16.92,0.6273,1,Medium
plastic,1.46,3.42,8.89,33.99,0.7815,1,High
paper,21.84,1.41,9.75,14.23,0.7155,1,High
glass,4.21,1.56,0.0,0.0,0.406,0,Low
plastic,2.98,3.64,8.74,30.02,0.7168,1,High
metal,2.99,1.8,0.55,0.15,0.4848,1,Low
metal,3.11,2.01,0.45,0.14,0.3497,0,Unsuitable
paper,9.4,3.31,9.64,14.21,0.6239,1,Medium
plastic,6.7,0.9,9.86,35.82,0.8055,1,High
paper,28.32,1.24,8.99,13.62,0.5907,1,Medium
paper,26.98,0.74,7.06,15.0,0.5397,1,Medium
organic,45.13,9.88,4.71,7.25,0.2591,0,Unsuitable
paper,22.46,1.92,7.97,15.87,0.7095,1,High
plastic,5.69,1.77,8.98,39.82,0.9106,1,High
organic,71.65,7.09,2.04,5.85,0.1625,0,Unsuitable
glass,2.07,1.72,0.0,0.0,0.4553,1,Low
organic,75.89,9.37,4.19,5.78,0.1667,0,Unsuitable
plastic,4.29,4.25,8.09,41.37,0.8617,1,High
metal,3.26,1.88,0.23,0.22,0.4482,0,Low
organic,42.75,6.1,3.25,6.21,0.1889,0,Unsuitable
metal,0.05,1.82,0.73,0.38,0.401,0,Low
metal,2.11,0.54,0.42,0.04,0.3868,0,Low
paper,21.72,1.31,9.13,13.19,0.5777,1,Medium
paper,24.92,3.92,8.13,15.49,0.6393,1,Medium
plastic,5.8,0.49,8.87,32.92,0.8537,1,High
cardboard,16.82,1.44,7.87,15.61,0.6044,1,Medium
plastic,7.99,0.8,9.49,36.7,0.889,1,High
paper,8.25,1.05,9.09,14.03,0.7,1,High
metal,3.29,2.5,0.62,0.43,0.4336,0,Low
metal,2.58,2.71,0.16,0.29,0.39,0,Low
metal,1.85,2.6,0.37,0.09,0.35,0,Low
organic,40.61,3.49,2.78,6.85,0.3692,0,Low
plastic,5.46,0.63,9.07,43.69,1.0,1,High
paper,27.52,4.27,7.16,16.29,0.6129,1,Medium
cardboard,6.27,3.03,8.61,16.24,0.6483,1,Medium
plastic,0.58,3.7,9.54,38.81,0.8367,1,High
organic,67.44,3.73,2.79,7.13,0.3499,0,Unsuitable
cardboard,7.01,3.05,7.19,15.21,0.6172,1,Medium
cardboard,21.01,3.53,8.95,15.97,0.634,1,Medium
paper,11.89,4.43,9.04,16.58,0.6146,1,Medium
paper,28.81,3.06,9.0,16.66,0.6011,1,Medium
paper,21.01,3.94,9.69,15.72,0.6651,1,Medium
glass,0.92,2.86,0.0,0.0,0.3704,0,Low
glass,3.8,2.26,0.0,0.0,0.4024,0,Low
plastic,4.93,1.44,8.11,31.28,0.8261,1,High
plastic,9.32,2.82,8.83,35.73,0.7131,1,High
glass,1.76,2.24,0.0,0.0,0.2822,0,Unsuitable
organic,48.94,3.26,4.83,5.74,0.2791,0,Unsuitable
metal,0.44,2.99,0.99,0.23,0.3348,0,Unsuitable
metal,3.69,2.64,0.81,0.41,0.444,0,Low
paper,25.5,3.45,7.4,13.46,0.535,1,Medium
cardboard,15.39,3.63,8.98,16.19,0.6464,1,Medium
metal,3.03,2.28,0.56,0.25,0.3758,0,Low
organic,73.21,3.44,5.02,5.57,0.2788,0,Unsuitable
glass,3.4,2.15,0.0,0.0,0.4389,0,Low
plastic,3.51,2.46,9.39,43.53,0.8222,1,High
paper,9.35,1.83,7.48,15.75,0.744,1,High
plastic,7.92,4.03,8.6,35.33,0.7979,1,High
metal,2.75,0.29,0.87,0.26,0.5123,1,Medium
cardboard,12.54,1.33,7.81,16.7,0.689,1,Medium
paper,27.23,4.71,7.66,13.4,0.545,1,Medium
glass,4.32,0.07,0.0,0.0,0.4869,1,Low
organic,63.26,6.6,4.22,4.26,0.3962,0,Low
metal,3.23,2.2,0.67,0.17,0.3438,0,Unsuitable
cardboard,19.31,0.51,7.59,16.91,0.643,1,Medium
metal,0.77,0.5,0.48,0.3,0.4878,1,Low
cardboard,19.25,1.12,7.93,15.67,0.6887,1,Medium
glass,2.46,0.13,0.0,0.0,0.456,1,Low
organic,43.39,9.77,4.35,5.59,0.2063,0,Unsuitable
metal,3.89,0.35,0.84,0.26,0.4199,0,Low
cardboard,21.66,0.11,7.42,17.39,0.7434,1,High
paper,20.89,3.12,7.88,13.53,0.6384,1,Medium
organic,44.19,6.7,3.09,4.32,0.338,0,Unsuitable
metal,3.89,2.61,0.29,0.23,0.3906,0,Low
glass,3.73,0.91,0.0,0.0,0.4889,1,Low
glass,4.39,0.14,0.0,0.0,0.4531,1,Low
glass,1.25,0.8,0.0,0.0,0.4506,1,Low
metal,4.18,2.08,0.59,0.07,0.389,0,Low
metal,0.19,0.79,0.06,0.33,0.5319,1,Medium
glass,1.74,1.37,0.0,0.0,0.4309,0,Low
metal,3.21,1.64,0.08,0.33,0.3448,0,Unsuitable
organic,46.22,6.48,3.24,6.47,0.4164,0,Low
cardboard,20.46,1.15,8.86,17.4,0.6829,1,Medium
plastic,5.35,5.97,9.94,33.54,0.766,1,High
cardboard,11.9,0.64,9.0,16.5,0.7295,1,High
paper,13.41,3.34,8.1,13.17,0.6017,1,Medium
glass,4.75,1.45,0.0,0.0,0.3641,0,Low
plastic,5.72,2.26,9.16,43.05,0.9577,1,High
organic,72.75,6.19,2.48,5.85,0.217,0,Unsuitable
metal,2.49,1.97,0.85,0.39,0.5238,1,Medium
cardboard,20.2,2.81,7.03,16.88,0.5357,1,Medium
glass,0.78,2.47,0.0,0.0,0.4548,1,Low
cardboard,22.87,0.53,9.64,17.52,0.7716,1,High
glass,0.58,2.77,0.0,0.0,0.478,1,Low
cardboard,7.49,0.08,9.98,17.63,0.7479,1,High
paper,10.5,2.13,8.36,13.02,0.6245,1,Medium
paper,29.92,2.64,8.16,14.57,0.6637,1,Medium
paper,17.55,2.16,8.64,16.4,0.7306,1,High
paper,5.69,0.19,7.4,15.28,0.7084,1,High
cardboard,17.7,1.61,7.46,16.2,0.7204,1,High
organic,74.8,6.41,2.9,4.44,0.1749,0,Unsuitable
plastic,0.5,0.08,8.37,42.97,0.929,1,High
organic,65.03,5.5,2.27,7.28,0.2758,0,Unsuitable
paper,19.32,0.42,7.29,16.2,0.5114,1,Medium
cardboard,9.83,1.39,9.19,15.2,0.7432,1,High
cardboard,17.14,3.89,8.12,15.2,0.6181,1,Medium
metal,3.19,0.42,0.55,0.1,0.371,0,Low
paper,15.74,4.83,9.94,13.52,0.7012,1,High
organic,64.01,3.59,3.53,4.31,0.3578,0,Low
metal,3.81,1.16,0.13,0.43,0.421,0,Low
plastic,0.56,2.19,9.37,35.47,0.8243,1,High
paper,11.12,0.03,8.6,13.47,0.7177,1,High
paper,21.03,3.63,7.79,14.32,0.4703,1,Low
paper,9.76,0.92,8.34,13.76,0.6837,1,Medium
organic,43.84,7.48,4.45,6.25,0.2973,0,Unsuitable
glass,4.59,2.2,0.0,0.0,0.3206,0,Unsuitable
paper,12.08,2.11,7.29,14.81,0.6666,1,Medium
paper,28.29,3.45,8.69,14.36,0.6289,1,Medium
cardboard,22.83,2.61,8.81,16.38,0.5621,1,Medium
cardboard,24.62,1.7,8.18,16.28,0.6693,1,Medium
glass,4.95,2.12,0.0,0.0,0.4116,0,Low
cardboard,15.56,3.25,8.98,15.6,0.6726,1,Medium
cardboard,19.39,1.05,8.87,16.83,0.7127,1,High
paper,9.87,2.43,7.13,14.66,0.5881,1,Medium
cardboard,7.97,1.84,9.97,16.52,0.7456,1,High
paper,21.93,1.98,7.87,13.13,0.5556,1,Medium
cardboard,5.65,3.0,8.15,16.8,0.7452,1,High
paper,18.33,3.48,7.59,14.75,0.5329,1,Medium
cardboard,9.32,2.26,7.44,16.53,0.5206,1,Medium
organic,52.46,6.17,3.73,7.54,0.1847,0,Unsuitable
plastic,8.18,1.35,8.7,31.2,0.8477,1,High
glass,4.19,1.7,0.0,0.0,0.3862,0,Low
glass,3.96,0.5,0.0,0.0,0.3855,0,Low
plastic,3.79,5.0,8.41,36.87,0.874,1,High
metal,4.56,2.76,0.65,0.06,0.4592,1,Low
glass,4.42,0.42,0.0,0.0,0.4498,0,Low
paper,25.96,0.37,9.4,13.15,0.6277,1,Medium
glass,1.11,1.78,0.0,0.0,0.3383,0,Unsuitable
plastic,2.1,3.94,9.5,30.95,0.7796,1,High
glass,1.95,0.26,0.0,0.0,0.4377,0,Low
paper,29.21,1.67,9.67,15.88,0.7233,1,High
organic,79.64,3.92,5.18,7.02,0.2541,0,Unsuitable
organic,51.15,9.76,2.82,5.5,0.1783,0,Unsuitable
metal,3.61,0.27,0.69,0.42,0.5552,1,Medium
cardboard,19.19,0.63,9.54,17.86,0.7184,1,High
cardboard,15.12,2.13,9.12,16.47,0.7014,1,High
glass,1.15,1.14,0.0,0.0,0.3313,0,Unsuitable
plastic,8.47,3.47,8.81,34.0,0.8059,1,High
paper,28.94,2.55,8.41,15.99,0.6003,1,Medium
paper,13.42,0.75,9.14,16.49,0.7127,1,High
plastic,8.81,2.71,8.57,40.21,0.8883,1,High
plastic,4.95,4.13,9.55,44.71,0.876,1,High
glass,2.17,0.82,0.0,0.0,0.3894,0,Low
cardboard,14.44,1.39,8.92,16.56,0.6782,1,Medium
metal,4.35,1.08,0.43,0.1,0.3932,0,Low
cardboard,22.62,0.21,9.92,17.11,0.7142,1,High
glass,1.02,0.89,0.0,0.0,0.4742,1,Low
metal,4.36,1.98,0.75,0.09,0.4138,0,Low
glass,1.38,0.39,0.0,0.0,0.4317,0,Low
metal,1.59,0.4,0.6,0.38,0.44,0,Low
metal,0.78,1.67,0.81,0.08,0.4878,1,Low
cardboard,15.49,0.78,9.17,17.89,0.6629,1,Medium
cardboard,17.98,0.85,7.05,17.28,0.6853,1,Medium
plastic,5.34,0.94,8.9,33.25,0.846,1,High
organic,67.64,5.39,4.11,6.35,0.2453,0,Unsuitable
paper,5.56,0.57,8.18,14.87,0.694,1,Medium
cardboard,13.22,1.77,7.33,17.75,0.81,1,High
metal,2.53,0.94,0.85,0.29,0.3347,0,Unsuitable
plastic,9.11,5.03,9.63,33.61,0.7833,1,High
paper,16.72,3.42,9.28,14.18,0.5956,1,Medium
glass,2.45,0.82,0.0,0.0,0.3323,0,Unsuitable
cardboard,15.21,2.85,7.67,17.22,0.5941,1,Medium
glass,1.33,1.67,0.0,0.0,0.3316,0,Unsuitable
metal,4.33,1.2,0.61,0.5,0.4566,1,Low
organic,44.6,3.32,5.16,5.12,0.4745,1,Low
plastic,7.57,2.79,9.74,41.76,0.8144,1,High
plastic,8.89,1.53,9.32,30.33,0.937,1,High
plastic,6.65,5.09,8.32,43.57,0.8335,1,High
paper,16.05,2.36,8.12,15.35,0.6508,1,Medium
cardboard,16.59,3.51,9.32,15.12,0.6605,1,Medium
paper,6.17,2.94,8.73,16.15,0.6575,1,Medium
glass,3.76,0.45,0.0,0.0,0.4003,0,Low
paper,10.27,1.52,9.91,14.79,0.7556,1,High
organic,53.7,10.0,3.21,3.13,0.172,0,Unsuitable
paper,7.09,1.37,9.98,15.82,0.6732,1,Medium
metal,0.86,0.37,0.59,0.25,0.4206,0,Low
plastic,8.92,1.48,9.85,38.29,0.8779,1,High
cardboard,5.71,2.24,9.16,15.84,0.7949,1,High
organic,49.61,8.88,2.31,3.8,0.1891,0,Unsuitable
plastic,1.45,5.25,8.46,37.24,0.8514,1,High
organic,44.73,9.61,3.75,6.45,0.1943,0,Unsuitable
glass,3.08,2.7,0.0,0.0,0.374,0,Low
metal,3.03,1.3,0.62,0.22,0.4324,0,Low
plastic,9.6,4.92,9.2,41.99,0.8179,1,High
organic,59.16,4.8,2.01,7.83,0.1354,0,Unsuitable
paper,11.35,3.46,8.3,16.21,0.6968,1,Medium
metal,1.34,0.28,0.39,0.01,0.5251,1,Medium
organic,46.39,8.13,2.42,7.33,0.3177,0,Unsuitable
paper,7.71,0.05,9.15,14.03,0.7162,1,High
cardboard,24.71,0.5,8.24,17.55,0.7011,1,High
cardboard,10.34,3.23,7.82,15.01,0.5904,1,Medium
metal,4.55,1.93,0.58,0.1,0.4582,1,Low
cardboard,18.55,0.24,9.64,16.74,0.7411,1,High
plastic,1.22,4.21,9.59,36.18,0.8371,1,High
paper,25.46,1.03,8.02,15.51,0.5229,1,Medium
cardboard,5.51,3.67,7.93,16.98,0.7335,1,High
cardboard,18.39,2.1,8.56,16.13,0.6061,1,Medium
glass,3.94,1.27,0.0,0.0,0.4181,0,Low
organic,73.98,4.79,4.86,7.03,0.3853,0,Low
cardboard,21.9,1.47,7.96,16.53,0.6859,1,Medium
paper,22.08,0.69,8.31,16.57,0.6269,1,Medium
cardboard,18.21,3.55,8.78,17.47,0.5733,1,Medium
plastic,3.53,5.65,9.77,38.93,0.8552,1,High
metal,0.29,2.68,0.82,0.23,0.4324,0,Low
plastic,3.43,0.74,9.44,38.91,0.967,1,High
paper,29.48,0.61,8.38,14.98,0.6154,1,Medium
metal,2.66,1.82,0.16,0.08,0.4618,1,Low
organic,65.21,7.39,5.36,6.7,0.2087,0,Unsuitable
paper,20.63,2.25,8.18,14.52,0.5818,1,Medium
cardboard,13.48,1.56,7.1,15.83,0.6388,1,Medium
cardboard,16.56,3.22,8.63,17.56,0.6695,1,Medium
plastic,9.77,0.09,9.19,42.68,0.9889,1,High
cardboard,16.97,1.45,7.18,15.03,0.6552,1,Medium
plastic,6.11,3.16,8.91,41.07,0.8666,1,High
cardboard,10.42,3.11,9.73,16.32,0.6882,1,Medium
plastic,8.85,2.48,8.49,30.7,0.8368,1,High
glass,4.55,2.03,0.0,0.0,0.3447,0,Unsuitable
plastic,8.2,2.35,8.7,39.33,0.8865,1,High
plastic,9.77,3.1,8.77,36.32,0.7778,1,High
paper,23.07,1.9,8.15,15.47,0.6497,1,Medium
plastic,6.55,3.03,8.91,41.51,0.8559,1,High
paper,14.37,1.64,9.14,15.33,0.6661,1,Medium
organic,62.22,8.41,2.76,5.78,0.2035,0,Unsuitable
plastic,6.64,2.96,8.76,44.16,0.8652,1,High
plastic,5.26,5.7,8.85,42.61,0.8087,1,High
metal,1.69,0.32,0.5,0.1,0.4539,1,Low
paper,9.75,0.62,9.91,15.63,0.6824,1,Medium
paper,5.84,2.87,8.67,13.06,0.7008,1,High
plastic,6.2,4.47,8.99,39.89,0.8197,1,High
glass,2.0,0.49,0.0,0.0,0.3885,0,Low
organic,75.83,7.91,5.96,6.61,0.3239,0,Unsuitable
paper,6.99,1.11,8.25,13.81,0.7647,1,High
metal,4.98,1.11,0.71,0.2,0.4145,0,Low
cardboard,9.67,1.31,7.65,15.34,0.6507,1,Medium
plastic,9.06,0.51,8.65,38.46,0.8227,1,High
paper,6.09,3.24,8.69,15.72,0.7463,1,High
metal,2.19,1.05,0.23,0.25,0.4041,0,Low
organic,67.11,3.76,2.25,6.26,0.2669,0,Unsuitable
paper,25.05,4.69,9.87,14.7,0.5998,1,Medium
glass,3.14,1.87,0.0,0.0,0.333,0,Unsuitable
metal,0.77,0.37,0.93,0.01,0.5503,1,Medium
metal,1.8,1.58,0.7,0.16,0.4577,1,Low
organic,72.68,8.22,5.23,7.94,0.1734,0,Unsuitable
plastic,6.03,4.0,9.48,42.0,0.854,1,High
glass,1.75,1.96,0.0,0.0,0.4046,0,Low
cardboard,13.4,2.03,8.0,15.51,0.6422,1,Medium
glass,4.56,0.93,0.0,0.0,0.4945,1,Low
organic,67.87,7.51,4.83,7.53,0.2099,0,Unsuitable
metal,0.34,0.81,0.71,0.25,0.4746,1,Low
paper,14.57,3.87,9.17,15.86,0.5927,1,Medium
metal,4.45,1.79,0.97,0.06,0.4186,0,Low
plastic,4.77,1.73,9.1,35.84,0.8229,1,High
glass,1.78,0.53,0.0,0.0,0.4517,1,Low
organic,61.51,4.21,4.39,5.84,0.325,0,Unsuitable
metal,1.81,0.75,0.95,0.28,0.4444,0,Low
glass,0.98,2.36,0.0,0.0,0.4387,0,Low
glass,1.37,2.3,0.0,0.0,0.346,0,Unsuitable
glass,0.03,0.17,0.0,0.0,0.4156,0,Low
cardboard,15.37,3.19,9.51,17.2,0.6731,1,Medium
organic,69.68,8.2,5.61,5.99,0.2141,0,Unsuitable
organic,75.61,6.18,5.25,3.27,0.2206,0,Unsuitable
metal,0.37,2.93,0.01,0.36,0.3536,0,Low
metal,4.84,1.14,0.03,0.01,0.3977,0,Low
metal,4.9,1.01,0.48,0.05,0.4094,0,Low
organic,63.99,4.76,4.45,7.5,0.3015,0,Unsuitable
metal,1.05,0.37,0.17,0.31,0.3802,0,Low
paper,23.46,4.44,9.78,15.64,0.5733,1,Medium
plastic,2.32,5.77,9.92,36.11,0.8585,1,High
cardboard,15.2,1.17,9.94,15.66,0.6533,1,Medium
organic,45.0,5.68,5.43,3.7,0.3722,0,Low
plastic,4.07,1.02,8.02,34.37,0.7873,1,High
plastic,8.1,4.32,9.89,36.83,0.8635,1,High
plastic,6.65,1.3,8.61,38.48,0.8079,1,High
plastic,2.28,5.96,8.23,45.29,0.8562,1,High
plastic,8.39,4.77,8.42,40.12,0.8046,1,High
paper,11.79,0.91,7.98,14.92,0.5868,1,Medium
glass,4.18,2.31,0.0,0.0,0.3256,0,Unsuitable
paper,10.87,0.05,8.02,14.02,0.6331,1,Medium
plastic,0.62,1.62,8.09,40.26,0.8137,1,High
cardboard,7.95,3.83,8.75,17.04,0.6169,1,Medium
plastic,8.07,5.38,8.77,41.04,0.7036,1,High
paper,14.98,0.03,9.87,16.47,0.7632,1,High
metal,4.99,0.95,0.46,0.43,0.4754,1,Low
organic,66.62,3.91,3.69,4.55,0.2359,0,Unsuitable
plastic,1.36,1.4,9.42,32.5,0.8763,1,High
plastic,7.65,0.57,9.7,41.58,0.9795,1,High
glass,3.82,2.18,0.0,0.0,0.4666,1,Low
cardboard,16.57,3.23,9.23,17.57,0.7323,1,High
organic,47.72,4.16,4.35,5.25,0.3647,0,Low
plastic,9.32,2.5,9.44,33.15,0.8286,1,High
glass,0.11,1.51,0.0,0.0,0.4039,0,Low
organic,40.23,3.81,5.89,7.61,0.3879,0,Low
plastic,2.59,2.62,9.38,35.71,0.7699,1,High
cardboard,10.21,1.3,7.49,16.98,0.6514,1,Medium
plastic,2.71,3.32,8.99,42.74,0.8396,1,High
metal,4.42,2.11,0.69,0.19,0.3341,0,Unsuitable
cardboard,5.11,3.93,8.82,16.21,0.642,1,Medium
cardboard,8.47,2.49,8.54,17.36,0.6536,1,Medium
cardboard,17.03,3.26,7.2,17.07,0.5409,1,Medium
organic,47.83,4.5,2.79,5.62,0.3163,0,Unsuitable
paper,21.48,0.53,7.08,14.28,0.6486,1,Medium
glass,1.51,0.67,0.0,0.0,0.5625,1,Medium
organic,71.28,5.55,4.5,5.41,0.213,0,Unsuitable
organic,51.6,7.93,5.28,5.33,0.1682,0,Unsuitable
metal,4.4,0.59,0.79,0.3,0.4242,0,Low
metal,4.27,1.83,0.54,0.02,0.3653,0,Low
metal,4.54,2.14,0.05,0.44,0.4413,0,Low
organic,40.9,6.94,2.22,4.6,0.2607,0,Unsuitable
metal,4.56,1.07,0.86,0.46,0.4515,1,Low
organic,68.39,8.3,3.57,6.28,0.2515,0,Unsuitable
paper,23.49,3.59,7.26,13.63,0.5467,1,Medium
cardboard,23.27,3.19,7.35,16.72,0.6372,1,Medium
organic,54.74,4.87,5.32,3.72,0.3259,0,Unsuitable
metal,3.44,0.24,0.91,0.32,0.3728,0,Low
organic,66.39,9.15,3.91,5.66,0.1406,0,Unsuitable
cardboard,20.74,0.51,8.18,16.16,0.6405,1,Medium
cardboard,13.05,2.47,7.93,15.52,0.8012,1,High
cardboard,14.17,1.31,7.14,15.11,0.6268,1,Medium
organic,77.21,8.11,3.4,7.84,0.1958,0,Unsuitable
cardboard,13.53,0.85,9.66,16.08,0.7488,1,High
paper,14.73,4.51,8.93,14.95,0.6016,1,Medium
glass,2.73,0.86,0.0,0.0,0.4575,1,Low
organic,61.47,5.38,3.91,4.32,0.2573,0,Unsuitable
cardboard,8.15,3.81,8.73,16.47,0.6427,1,Medium
cardboard,19.17,0.57,7.83,16.97,0.6424,1,Medium
glass,4.49,2.47,0.0,0.0,0.3413,0,Unsuitable
glass,3.92,2.74,0.0,0.0,0.3345,0,Unsuitable
organic,72.91,6.84,2.58,3.4,0.2045,0,Unsuitable
metal,2.13,1.05,0.36,0.19,0.4047,0,Low
paper,7.98,3.95,8.65,13.51,0.6069,1,Medium
cardboard,9.48,1.04,7.04,15.65,0.5855,1,Medium
organic,75.93,5.73,3.28,8.0,0.2308,0,Unsuitable
organic,61.49,4.78,3.29,5.58,0.2309,0,Unsuitable
glass,4.8,1.73,0.0,0.0,0.3836,0,Low
cardboard,19.75,0.38,8.78,16.97,0.7441,1,High
plastic,8.78,2.77,8.19,31.69,0.7251,1,High
paper,12.07,2.48,9.25,13.75,0.5865,1,Medium
metal,3.0,2.79,0.83,0.32,0.3557,0,Low
cardboard,7.68,0.04,8.3,15.27,0.6715,1,Medium
cardboard,23.33,3.52,9.46,17.14,0.6052,1,Medium
paper,6.21,3.27,8.93,14.48,0.6237,1,Medium
plastic,2.4,1.88,8.84,39.65,0.8102,1,High
plastic,5.38,4.39,9.61,31.82,0.7671,1,High
metal,2.86,0.12,0.91,0.48,0.4626,1,Low
plastic,2.13,1.08,9.56,39.57,0.8837,1,High
organic,54.14,6.23,3.55,5.61,0.2271,0,Unsuitable
glass,1.37,1.27,0.0,0.0,0.4238,0,Low
paper,12.34,3.95,7.79,13.08,0.5658,1,Medium
glass,0.11,2.84,0.0,0.0,0.3563,0,Low
cardboard,19.88,1.33,8.51,16.99,0.6365,1,Medium
organic,60.06,8.13,2.75,5.22,0.1807,0,Unsuitable
metal,4.82,2.54,0.62,0.29,0.4681,1,Low
glass,2.73,0.18,0.0,0.0,0.4411,0,Low
cardboard,18.45,1.45,7.06,15.18,0.7048,1,High
organic,58.48,4.17,2.76,4.15,0.304,0,Unsuitable
glass,1.91,0.52,0.0,0.0,0.4162,0,Low
glass,0.23,1.0,0.0,0.0,0.3231,0,Unsuitable
cardboard,10.36,3.79,8.15,16.95,0.5667,1,Medium
cardboard,16.02,1.22,8.6,15.16,0.7246,1,High
glass,4.42,2.01,0.0,0.0,0.4283,0,Low
cardboard,23.39,1.2,7.96,17.56,0.6356,1,Medium
organic,51.73,3.84,3.76,4.48,0.3173,0,Unsuitable
organic,41.47,7.44,5.62,7.88,0.3361,0,Unsuitable
cardboard,6.51,1.44,7.03,17.94,0.6725,1,Medium
organic,41.12,3.13,3.47,4.29,0.2389,0,Unsuitable
metal,3.95,1.66,0.38,0.07,0.4898,1,Low
cardboard,17.36,1.76,8.11,17.72,0.5631,1,Medium
cardboard,17.32,3.55,7.9,17.11,0.5894,1,Medium
glass,3.0,2.99,0.0,0.0,0.3431,0,Unsuitable
plastic,9.86,4.67,8.13,35.16,0.7659,1,High
organic,70.73,8.2,4.67,5.08,0.1888,0,Unsuitable
organic,51.75,7.79,4.9,7.22,0.2364,0,Unsuitable
glass,3.71,0.32,0.0,0.0,0.4907,1,Low
paper,27.55,0.24,9.51,15.04,0.7182,1,High
organic,75.48,7.04,2.47,3.01,0.0288,0,Unsuitable
glass,2.86,1.12,0.0,0.0,0.4922,1,Low
organic,68.19,7.86,3.02,3.32,0.1576,0,Unsuitable
organic,68.01,8.74,2.89,5.64,0.1434,0,Unsuitable
paper,10.36,3.81,9.38,16.11,0.6704,1,Medium
plastic,4.23,5.95,9.31,44.96,0.8551,1,High
metal,2.25,2.31,0.37,0.32,0.4123,0,Low
metal,0.87,2.81,0.4,0.23,0.3905,0,Low
organic,50.61,9.75,5.65,7.86,0.1773,0,Unsuitable
metal,2.26,2.55,0.02,0.42,0.306,0,Unsuitable
glass,3.37,1.12,0.0,0.0,0.3865,0,Low
metal,1.12,0.74,0.58,0.16,0.4059,0,Low
plastic,1.11,3.47,8.32,38.45,0.8842,1,High
organic,57.1,6.57,2.72,5.32,0.1032,0,Unsuitable
metal,3.33,1.3,0.78,0.21,0.5052,1,Medium
paper,6.13,2.7,9.49,16.08,0.6564,1,Medium
paper,9.9,4.32,7.17,14.6,0.743,1,High
organic,44.72,4.86,4.4,3.76,0.3095,0,Unsuitable
plastic,4.38,2.01,8.48,43.17,0.883,1,High
metal,2.2,0.28,0.44,0.25,0.4819,1,Low
glass,4.08,2.73,0.0,0.0,0.3587,0,Low
organic,51.51,8.68,5.43,4.34,0.2323,0,Unsuitable
metal,4.24,1.27,0.91,0.06,0.4576,1,Low
paper,19.14,1.76,9.83,14.02,0.6486,1,Medium
plastic,6.35,0.02,9.46,36.04,0.9473,1,High
organic,42.09,3.65,2.35,7.76,0.3874,0,Low
glass,2.14,0.6,0.0,0.0,0.4886,1,Low
cardboard,10.89,2.02,7.67,16.14,0.5976,1,Medium
glass,3.47,2.54,0.0,0.0,0.4309,0,Low
cardboard,8.54,1.65,8.9,17.21,0.7917,1,High
metal,4.38,1.14,0.27,0.1,0.3935,0,Low
organic,59.34,4.56,4.74,6.91,0.3895,0,Low
plastic,9.45,0.18,8.27,39.42,0.8405,1,High
metal,2.77,0.96,0.55,0.33,0.4872,1,Low
paper,16.39,3.24,8.73,14.27,0.615,1,Medium
metal,1.03,2.37,0.15,0.4,0.4483,0,Low
organic,78.69,7.8,2.36,6.47,0.0344,0,Unsuitable
plastic,2.61,4.31,9.48,35.24,0.8124,1,High
plastic,2.69,0.42,9.2,31.71,0.8379,1,High
cardboard,10.73,0.86,9.11,16.64,0.6646,1,Medium
metal,2.91,1.45,0.26,0.4,0.4665,1,Low
paper,26.04,3.71,8.84,13.16,0.5727,1,Medium
paper,17.5,3.73,8.39,13.07,0.5567,1,Medium
organic,67.77,3.23,2.17,4.31,0.1566,0,Unsuitable
metal,2.71,0.37,0.65,0.39,0.4629,1,Low
metal,1.37,0.09,0.33,0.35,0.4941,1,Low
organic,54.39,5.09,2.88,6.53,0.3182,0,Unsuitable
cardboard,23.22,0.41,7.45,16.15,0.6206,1,Medium
metal,2.92,0.22,0.96,0.15,0.4286,0,Low
glass,4.73,1.99,0.0,0.0,0.4608,1,Low
metal,4.14,1.53,0.36,0.49,0.426,0,Low
glass,4.37,2.7,0.0,0.0,0.4568,1,Low
plastic,9.3,2.57,9.3,36.31,0.7843,1,High
organic,73.82,4.36,2.74,5.2,0.2253,0,Unsuitable
metal,3.46,0.89,0.56,0.04,0.4548,1,Low
paper,12.64,1.07,7.69,13.86,0.5897,1,Medium
metal,0.84,1.09,0.69,0.26,0.3397,0,Unsuitable
cardboard,23.65,1.66,7.86,17.71,0.6079,1,Medium
paper,20.35,4.43,7.18,16.35,0.5896,1,Medium
plastic,2.56,0.63,9.88,32.27,0.8696,1,High
plastic,6.91,4.26,8.32,43.03,0.8324,1,High
metal,0.44,0.13,0.64,0.08,0.4728,1,Low
organic,40.56,8.46,5.6,7.19,0.4283,0,Low
plastic,4.44,2.39,9.79,44.83,0.8478,1,High
organic,70.73,4.41,5.78,7.74,0.2863,0,Unsuitable
plastic,5.61,5.66,8.19,43.82,0.8445,1,High
organic,53.56,3.95,3.92,4.16,0.3566,0,Low
organic,75.91,4.95,2.1,6.88,0.1616,0,Unsuitable
metal,2.73,2.45,0.84,0.29,0.444,0,Low
metal,3.38,1.08,0.0,0.12,0.4264,0,Low
glass,3.55,0.99,0.0,0.0,0.4095,0,Low
paper,15.33,1.22,8.46,14.55,0.6851,1,Medium
organic,78.48,7.14,4.36,4.82,0.1996,0,Unsuitable
glass,0.01,2.6,0.0,0.0,0.4439,0,Low
paper,25.93,0.85,8.23,16.36,0.6706,1,Medium
plastic,2.09,4.29,9.96,38.79,0.8148,1,High
organic,55.73,8.26,5.64,6.52,0.2179,0,Unsuitable
cardboard,16.54,1.22,9.13,17.65,0.6825,1,Medium
metal,1.17,1.63,0.76,0.47,0.4227,0,Low
cardboard,13.26,0.5,9.94,16.27,0.7471,1,High
cardboard,9.54,1.8,9.95,16.47,0.7117,1,High
glass,4.89,2.97,0.0,0.0,0.3062,0,Unsuitable
paper,19.44,0.63,9.46,16.76,0.6634,1,Medium
metal,0.51,1.02,0.07,0.13,0.5323,1,Medium
plastic,0.45,5.15,8.15,38.46,0.7641,1,High
paper,9.98,0.9,9.25,15.9,0.7365,1,High
organic,41.05,4.82,5.36,6.0,0.3543,0,Low
metal,1.3,2.84,0.73,0.06,0.4599,1,Low
paper,19.56,1.67,8.19,15.9,0.6411,1,Medium
organic,68.42,4.37,5.78,4.78,0.3457,0,Unsuitable
metal,3.49,1.83,0.44,0.32,0.4311,0,Low
cardboard,21.49,1.03,8.26,16.66,0.6642,1,Medium
glass,3.85,0.97,0.0,0.0,0.3979,0,Low
glass,3.02,1.75,0.0,0.0,0.3858,0,Low
plastic,0.93,3.08,9.04,39.19,0.8546,1,High
paper,29.34,4.36,7.64,13.96,0.4836,1,Low
metal,1.96,1.66,0.23,0.11,0.42,0,Low
plastic,6.88,5.86,8.4,36.29,0.842,1,High
glass,3.45,1.78,0.0,0.0,0.4144,0,Low
glass,2.86,1.62,0.0,0.0,0.4053,0,Low
metal,2.55,0.1,0.4,0.46,0.5844,1,Medium
plastic,8.02,4.01,9.7,31.82,0.8022,1,High
metal,4.52,1.56,0.62,0.11,0.4788,1,Low
organic,40.88,9.87,3.04,5.97,0.2217,0,Unsuitable
paper,14.27,1.99,8.01,15.55,0.5827,1,Medium
glass,4.87,2.0,0.0,0.0,0.3561,0,Low
plastic,8.52,3.44,8.83,42.99,0.8117,1,High
organic,53.12,9.45,3.07,3.69,0.2109,0,Unsuitable
glass,0.81,2.85,0.0,0.0,0.3091,0,Unsuitable
metal,3.04,2.68,0.11,0.46,0.399,0,Low
organic,66.74,5.61,2.24,7.79,0.0884,0,Unsuitable
paper,28.6,0.84,7.46,13.29,0.605,1,Medium
plastic,0.52,2.37,8.28,41.69,0.9469,1,High
cardboard,9.01,3.07,7.75,17.28,0.5992,1,Medium
glass,1.83,0.25,0.0,0.0,0.4605,1,Low
metal,4.67,0.58,0.73,0.17,0.3706,0,Low
organic,46.28,9.82,4.9,4.33,0.3107,0,Unsuitable
organic,69.9,9.48,3.29,5.36,0.0887,0,Unsuitable
plastic,3.93,3.03,8.21,32.68,0.813,1,High
plastic,3.49,1.5,9.49,45.19,0.9772,1,High
organic,40.34,7.82,3.66,6.37,0.2625,0,Unsuitable
organic,53.78,7.93,3.57,4.1,0.2927,0,Unsuitable
cardboard,20.05,0.48,9.08,17.0,0.5674,1,Medium
cardboard,22.89,1.26,7.09,15.92,0.6526,1,Medium
organic,61.89,9.43,5.48,4.53,0.2498,0,Unsuitable
organic,61.77,3.44,5.75,7.33,0.2829,0,Unsuitable
cardboard,18.99,2.27,9.4,16.43,0.6175,1,Medium
cardboard,6.61,2.34,7.64,17.05,0.6126,1,Medium
metal,0.55,1.2,0.73,0.08,0.4925,1,Low
plastic,3.55,4.99,9.02,40.03,0.8119,1,High
glass,0.12,0.15,0.0,0.0,0.4098,0,Low
glass,2.63,2.39,0.0,0.0,0.3958,0,Low
paper,9.29,4.51,8.45,14.49,0.6455,1,Medium
organic,44.79,8.3,3.34,3.59,0.2175,0,Unsuitable
organic,61.95,4.44,3.62,6.18,0.3113,0,Unsuitable
paper,25.91,2.05,8.27,14.99,0.6191,1,Medium
glass,0.54,0.94,0.0,0.0,0.3689,0,Low
paper,15.73,2.83,9.01,14.74,0.7219,1,High
metal,3.51,0.18,0.54,0.27,0.4565,1,Low
organic,71.83,6.53,2.68,5.94,0.2186,0,Unsuitable
organic,77.3,8.78,2.76,6.56,0.1417,0,Unsuitable
glass,3.43,1.5,0.0,0.0,0.359,0,Low
glass,4.14,2.83,0.0,0.0,0.4223,0,Low
paper,26.07,3.28,9.9,14.37,0.6556,1,Medium
paper,24.75,1.17,9.89,15.37,0.6693,1,Medium
paper,27.06,3.23,9.29,16.14,0.5947,1,Medium
cardboard,20.97,3.75,7.52,17.29,0.5324,1,Medium
cardboard,13.26,3.45,7.07,16.3,0.6161,1,Medium
paper,7.76,3.96,9.83,13.36,0.654,1,Medium
paper,9.95,0.39,9.86,16.57,0.742,1,High
organic,62.06,9.43,4.62,6.29,0.13,0,Unsuitable
paper,17.59,1.95,8.51,15.09,0.7079,1,High
metal,2.24,2.41,0.42,0.01,0.4263,0,Low
plastic,7.94,2.7,8.56,42.97,0.8537,1,High
paper,9.36,4.13,8.65,16.09,0.6149,1,Medium
metal,0.32,2.4,0.71,0.1,0.3835,0,Low
organic,56.17,9.21,4.42,5.63,0.2304,0,Unsuitable
cardboard,16.13,0.02,7.05,17.33,0.6501,1,Medium
organic,63.95,7.77,3.12,5.85,0.1318,0,Unsuitable
paper,26.5,1.44,8.59,15.0,0.5595,1,Medium
organic,55.76,6.94,5.71,3.81,0.3031,0,Unsuitable
cardboard,17.35,1.46,9.9,16.25,0.681,1,Medium
cardboard,21.68,3.28,9.08,17.25,0.6177,1,Medium
metal,0.19,0.59,0.93,0.37,0.5713,1,Medium
metal,0.56,2.85,0.11,0.13,0.4529,1,Low
metal,1.57,2.92,0.34,0.25,0.3341,0,Unsuitable
cardboard,16.02,2.97,8.98,16.83,0.6625,1,Medium
paper,22.75,3.96,7.44,15.71,0.5046,1,Medium
glass,1.5,2.62,0.0,0.0,0.4827,1,Low
paper,15.39,1.84,9.69,14.82,0.6461,1,Medium
paper,24.85,3.14,9.83,16.21,0.6442,1,Medium
plastic,5.25,0.14,8.52,39.95,0.8968,1,High
organic,63.36,5.53,4.14,3.01,0.3432,0,Unsuitable
metal,0.7,1.31,0.49,0.32,0.4503,1,Low
plastic,0.44,5.23,8.91,31.23,0.742,1,High
organic,65.98,5.99,3.64,5.68,0.2065,0,Unsuitable
metal,1.49,2.96,0.66,0.21,0.4588,1,Low
cardboard,10.21,0.65,7.46,17.19,0.6907,1,Medium
glass,0.35,0.35,0.0,0.0,0.4765,1,Low
organic,69.06,9.55,4.4,3.98,0.1526,0,Unsuitable
paper,13.58,0.25,7.91,16.62,0.6989,1,Medium
glass,2.54,1.55,0.0,0.0,0.4972,1,Low
organic,59.15,4.82,3.57,5.69,0.2747,0,Unsuitable
cardboard,24.79,0.23,7.96,15.96,0.6441,1,Medium
paper,22.12,1.24,8.38,15.58,0.6777,1,Medium
metal,4.9,0.36,0.34,0.1,0.4885,1,Low
organic,59.64,6.95,3.7,4.36,0.2484,0,Unsuitable
organic,76.95,3.53,4.63,5.28,0.279,0,Unsuitable
organic,63.88,9.22,2.27,4.75,0.108,0,Unsuitable
plastic,1.27,4.37,9.55,40.76,0.8746,1,High
paper,22.34,0.68,8.82,16.11,0.7678,1,High
plastic,1.27,4.69,8.51,30.51,0.8117,1,High
paper,17.65,1.63,7.03,13.14,0.5694,1,Medium
metal,0.75,1.08,0.17,0.06,0.4092,0,Low
plastic,5.5,1.26,8.69,37.65,0.9081,1,High
metal,0.19,0.11,0.35,0.36,0.4595,1,Low
cardboard,20.74,2.86,7.01,15.08,0.5243,1,Medium
metal,2.66,0.12,0.8,0.25,0.358,0,Low
cardboard,20.01,2.03,9.78,17.97,0.6333,1,Medium
cardboard,12.26,0.89,8.59,16.14,0.8122,1,High
cardboard,20.26,1.1,8.61,16.01,0.6733,1,Medium
glass,0.04,1.98,0.0,0.0,0.4708,1,Low
metal,2.01,2.08,0.86,0.39,0.4696,1,Low
metal,2.07,2.37,0.83,0.07,0.5045,1,Medium
glass,1.35,0.5,0.0,0.0,0.5037,1,Medium
cardboard,10.4,2.66,8.2,16.26,0.7024,1,High
cardboard,24.69,2.26,7.24,15.31,0.5441,1,Medium
metal,3.76,2.03,0.18,0.22,0.4257,0,Low
glass,4.33,0.71,0.0,0.0,0.3321,0,Unsuitable
cardboard,19.53,0.92,8.85,16.98,0.6272,1,Medium
paper,25.47,4.43,9.57,14.32,0.5464,1,Medium
metal,2.96,1.43,0.6,0.07,0.4145,0,Low
metal,0.89,0.84,0.13,0.11,0.4412,0,Low
paper,5.59,3.94,9.73,16.52,0.732,1,High
metal,4.96,1.76,0.96,0.47,0.3747,0,Low
metal,3.96,2.33,0.9,0.19,0.394,0,Low
organic,65.6,8.16,5.52,7.38,0.3002,0,Unsuitable
metal,0.89,2.85,0.06,0.28,0.365,0,Low
organic,62.72,5.73,2.33,6.24,0.3082,0,Unsuitable
organic,67.78,4.25,2.55,3.74,0.2656,0,Unsuitable
paper,24.47,2.98,9.43,15.37,0.5901,1,Medium
paper,14.77,0.75,7.41,15.39,0.6312,1,Medium
organic,47.37,9.17,5.83,4.27,0.2057,0,Unsuitable
metal,1.94,2.56,0.6,0.03,0.4392,0,Low
paper,7.26,2.03,8.21,15.59,0.6998,1,Medium
cardboard,5.33,3.1,7.07,15.91,0.6357,1,Medium
organic,67.62,4.2,3.96,6.61,0.3405,0,Unsuitable
glass,0.12,1.5,0.0,0.0,0.352,0,Low
metal,3.88,0.11,0.78,0.35,0.4527,1,Low
paper,14.84,0.6,7.72,14.21,0.6837,1,Medium
paper,9.38,0.94,9.7,16.14,0.7593,1,High
plastic,2.39,2.44,9.63,37.09,0.799,1,High
organic,54.74,6.51,4.48,5.03,0.2529,0,Unsuitable
organic,61.41,4.54,5.47,6.74,0.2994,0,Unsuitable
paper,23.68,0.03,8.03,14.76,0.619,1,Medium
paper,29.07,1.9,8.05,15.44,0.619,1,Medium
glass,0.71,2.88,0.0,0.0,0.357,0,Low
organic,57.49,9.54,2.55,3.59,0.172,0,Unsuitable
cardboard,20.3,3.14,9.09,15.16,0.6952,1,Medium
plastic,1.58,1.77,9.0,35.27,0.793,1,High
plastic,4.75,2.23,9.35,40.41,0.8834,1,High
metal,1.22,1.13,0.71,0.28,0.4831,1,Low
metal,0.84,1.52,0.32,0.46,0.3924,0,Low
plastic,3.9,4.96,8.11,34.77,0.779,1,High
organic,41.27,9.43,4.87,6.13,0.2542,0,Unsuitable
organic,65.55,8.79,4.39,6.74,0.2394,0,Unsuitable
metal,4.88,0.1,0.39,0.44,0.4658,1,Low
glass,1.83,1.28,0.0,0.0,0.5029,1,Medium
cardboard,24.46,2.57,9.62,15.74,0.685,1,Medium
plastic,0.09,4.23,8.24,38.76,0.8476,1,High
cardboard,5.64,1.79,9.05,17.67,0.6944,1,Medium
paper,26.11,3.25,8.18,15.84,0.6117,1,Medium
organic,52.13,9.95,5.63,5.43,0.33,0,Unsuitable
paper,24.02,4.13,7.07,13.32,0.5723,1,Medium
metal,4.59,1.19,0.89,0.23,0.3745,0,Low
metal,2.8,1.08,0.04,0.06,0.415,0,Low
organic,54.59,7.25,3.23,3.33,0.231,0,Unsuitable
cardboard,24.85,1.57,7.27,16.74,0.5849,1,Medium
plastic,7.87,5.02,9.86,40.18,0.7066,1,High
paper,25.87,4.29,9.75,14.91,0.5657,1,Medium
cardboard,8.9,2.41,8.08,16.79,0.6416,1,Medium
cardboard,9.32,1.29,8.99,17.03,0.8069,1,High
plastic,1.27,4.91,9.38,30.49,0.7417,1,High
glass,1.8,0.35,0.0,0.0,0.3857,0,Low
plastic,2.66,4.92,9.05,36.79,0.7793,1,High
cardboard,7.63,0.89,7.67,16.8,0.7793,1,High
metal,1.94,1.67,0.97,0.16,0.4222,0,Low
paper,22.92,3.65,9.19,13.81,0.6387,1,Medium
plastic,8.11,2.29,9.97,35.84,0.7746,1,High
glass,2.17,2.54,0.0,0.0,0.2927,0,Unsuitable
plastic,8.51,3.66,9.92,43.95,0.8192,1,High
cardboard,24.17,1.03,8.83,15.85,0.6403,1,Medium
organic,43.75,8.14,3.68,5.94,0.2849,0,Unsuitable
plastic,4.96,3.75,8.63,32.33,0.7436,1,High
glass,4.72,0.68,0.0,0.0,0.5023,1,Medium
plastic,4.52,2.21,8.23,35.53,0.7005,1,High
paper,18.05,4.86,8.41,16.66,0.6789,1,Medium
cardboard,9.6,1.63,7.98,17.6,0.7285,1,High
cardboard,16.57,1.96,8.19,16.84,0.5475,1,Medium
glass,0.86,2.03,0.0,0.0,0.4026,0,Low
paper,29.94,2.44,8.49,16.09,0.5851,1,Medium
plastic,1.0,2.41,9.97,42.06,0.8597,1,High
plastic,7.46,3.65,9.51,40.55,0.7518,1,High
cardboard,15.4,1.03,8.46,15.44,0.6862,1,Medium
paper,11.13,1.47,8.5,13.65,0.6048,1,Medium
glass,1.76,0.09,0.0,0.0,0.4876,1,Low
plastic,2.46,4.47,9.89,36.09,0.8305,1,High
plastic,0.06,4.46,9.96,45.89,0.9331,1,High
cardboard,8.24,3.91,7.98,16.0,0.576,1,Medium
plastic,8.26,5.98,9.55,42.51,0.8225,1,High
cardboard,6.32,3.17,8.79,17.73,0.7841,1,High
paper,14.02,3.42,9.36,16.84,0.6731,1,Medium
paper,17.34,0.14,7.76,14.5,0.7298,1,High
plastic,3.64,3.74,9.66,33.87,0.765,1,High
plastic,7.05,4.67,9.65,33.35,0.7558,1,High
paper,14.8,2.15,9.95,13.45,0.6254,1,Medium
organic,74.01,4.06,4.86,5.35,0.2981,0,Unsuitable
plastic,8.72,0.39,9.51,44.74,0.9903,1,High
organic,64.04,3.32,5.42,3.23,0.3626,0,Low
organic,77.99,9.94,3.91,3.89,0.0,0,Unsuitable
organic,44.09,9.11,4.24,5.02,0.1994,0,Unsuitable
organic,74.65,7.92,2.33,3.8,0.1196,0,Unsuitable
plastic,1.01,5.6,9.3,31.52,0.7312,1,High
organic,49.79,6.99,2.05,5.33,0.1469,0,Unsuitable
plastic,9.28,2.06,9.28,33.63,0.7991,1,High
cardboard,16.43,0.69,9.82,17.66,0.6744,1,Medium
paper,24.42,0.48,9.22,14.13,0.6502,1,Medium
paper,16.75,2.65,8.56,13.24,0.573,1,Medium
glass,3.01,1.87,0.0,0.0,0.3621,0,Low
plastic,8.28,2.52,9.1,39.26,0.8747,1,High
metal,0.27,0.01,0.84,0.1,0.471,1,Low
cardboard,12.99,3.33,9.1,15.07,0.62,1,Medium
metal,2.53,1.04,0.73,0.34,0.4866,1,Low
glass,3.24,1.82,0.0,0.0,0.3563,0,Low
organic,65.23,6.59,5.05,4.31,0.1941,0,Unsuitable
plastic,7.65,4.63,9.78,31.35,0.7364,1,High
glass,4.84,1.72,0.0,0.0,0.3858,0,Low
cardboard,8.44,1.86,8.26,16.47,0.7231,1,High
plastic,4.78,3.09,9.77,43.08,1.0,1,High
organic,65.18,8.91,4.21,4.06,0.0997,0,Unsuitable
cardboard,18.39,2.26,9.59,17.35,0.6267,1,Medium
paper,21.56,2.63,8.39,15.84,0.5202,1,Medium
metal,2.45,0.38,0.7,0.32,0.3816,0,Low
glass,1.23,2.89,0.0,0.0,0.4013,0,Low
plastic,7.37,3.17,9.95,30.88,0.7834,1,High
plastic,2.03,3.63,9.56,32.21,0.7744,1,High
metal,3.44,2.5,0.5,0.1,0.3288,0,Unsuitable
metal,3.86,1.67,0.28,0.38,0.4235,0,Low
plastic,1.78,3.38,9.9,41.29,0.8481,1,High
plastic,2.83,3.26,9.05,33.96,0.705,1,High
glass,4.71,0.75,0.0,0.0,0.412,0,Low
cardboard,9.09,0.72,8.76,17.92,0.7177,1,High
cardboard,5.51,1.09,7.47,17.93,0.8584,1,High
organic,64.84,6.89,2.9,6.35,0.1529,0,Unsuitable
paper,5.48,0.41,8.09,16.9,0.7437,1,High
organic,52.86,8.04,5.86,4.79,0.1764,0,Unsuitable
glass,3.19,2.25,0.0,0.0,0.3853,0,Low
cardboard,23.09,1.59,9.84,17.65,0.629,1,Medium
organic,43.28,4.13,2.31,3.54,0.3317,0,Unsuitable
plastic,6.91,3.82,9.26,33.31,0.8289,1,High
paper,20.64,2.85,7.56,15.89,0.5188,1,Medium
cardboard,13.73,1.0,9.42,15.53,0.7224,1,High
metal,4.42,1.08,0.31,0.07,0.3897,0,Low
organic,41.27,6.58,2.34,5.87,0.2847,0,Unsuitable
metal,0.41,2.45,0.26,0.27,0.4163,0,Low
plastic,4.94,5.5,8.71,43.72,0.7376,1,High
organic,68.3,3.62,5.94,7.77,0.3775,0,Low
plastic,5.98,1.65,9.35,41.18,0.9063,1,High
metal,0.74,2.76,0.12,0.31,0.3533,0,Low
metal,0.1,1.09,0.64,0.26,0.4096,0,Low
cardboard,18.5,0.56,7.17,16.88,0.6389,1,Medium
organic,49.83,8.68,2.3,6.16,0.1624,0,Unsuitable
metal,3.27,1.25,0.72,0.03,0.404,0,Low
metal,3.41,0.36,0.07,0.36,0.3563,0,Low
cardboard,9.49,3.3,9.43,17.56,0.7137,1,High
paper,24.33,0.68,9.17,13.39,0.6118,1,Medium
metal,3.19,1.48,0.48,0.09,0.4643,1,Low
glass,2.7,1.59,0.0,0.0,0.423,0,Low
glass,0.91,2.83,0.0,0.0,0.5245,1,Medium
paper,28.58,3.47,8.9,13.94,0.5271,1,Medium
plastic,4.38,0.06,8.14,39.53,0.9429,1,High
cardboard,19.65,3.8,9.23,17.35,0.5508,1,Medium
paper,10.62,1.8,9.85,15.64,0.6674,1,Medium
glass,1.16,0.97,0.0,0.0,0.4626,1,Low
organic,51.82,8.07,2.58,7.47,0.2727,0,Unsuitable
organic,59.91,6.0,4.0,4.0,0.1884,0,Unsuitable
organic,73.99,8.61,2.65,6.37,0.0891,0,Unsuitable
plastic,4.26,0.29,9.86,36.33,0.9543,1,High
glass,3.8,0.79,0.0,0.0,0.3584,0,Low
paper,29.89,4.62,9.61,14.12,0.5226,1,Medium
organic,77.12,6.74,3.61,3.55,0.2359,0,Unsuitable
paper,15.1,2.03,8.72,13.11,0.7179,1,High
glass,1.45,0.42,0.0,0.0,0.3653,0,Low
plastic,1.52,2.69,8.37,41.77,0.9094,1,High
cardboard,15.99,1.53,8.39,16.27,0.6477,1,Medium
paper,6.62,0.58,9.93,14.12,0.6933,1,Medium
paper,8.18,3.78,9.77,16.16,0.6197,1,Medium
metal,2.02,2.58,0.8,0.0,0.3167,0,Unsuitable
glass,1.32,0.26,0.0,0.0,0.5332,1,Medium
organic,59.28,5.6,4.42,7.02,0.386,0,Low
organic,50.03,7.25,5.76,4.49,0.2964,0,Unsuitable
glass,0.88,0.23,0.0,0.0,0.4199,0,Low
organic,64.89,7.62,4.04,4.92,0.193,0,Unsuitable
organic,72.14,8.55,4.66,7.47,0.2511,0,Unsuitable
metal,0.67,2.87,0.89,0.16,0.4212,0,Low
organic,57.54,8.25,4.1,3.38,0.2934,0,Unsuitable
metal,4.41,0.11,0.74,0.15,0.4115,0,Low
cardboard,10.0,2.61,9.08,15.26,0.7156,1,High
metal,3.72,2.16,0.54,0.39,0.4661,1,Low
plastic,6.57,4.16,9.63,32.9,0.7821,1,High
cardboard,18.22,0.89,8.55,16.92,0.7385,1,High
metal,1.08,2.71,0.24,0.06,0.4294,0,Low
plastic,0.45,1.15,9.22,30.28,0.8166,1,High
organic,56.15,3.34,4.43,6.44,0.4121,0,Low
cardboard,9.49,3.47,9.07,15.17,0.6764,1,Medium
paper,12.77,1.91,8.89,13.22,0.6172,1,Medium
glass,0.87,0.08,0.0,0.0,0.4415,0,Low
glass,4.56,1.6,0.0,0.0,0.4366,0,Low
glass,4.55,1.49,0.0,0.0,0.4538,1,Low
paper,22.75,3.55,9.55,13.03,0.5316,1,Medium
paper,16.78,4.25,9.9,15.38,0.7247,1,High
organic,65.58,4.47,4.21,7.17,0.3051,0,Unsuitable
paper,14.46,0.18,7.76,15.79,0.5404,1,Medium
glass,0.53,0.29,0.0,0.0,0.4511,1,Low
cardboard,15.01,0.61,8.5,15.18,0.6506,1,Medium
glass,2.12,0.0,0.0,0.0,0.4154,0,Low
cardboard,5.88,3.28,8.97,15.75,0.59,1,Medium
plastic,8.28,5.17,8.35,35.66,0.8399,1,High
plastic,1.23,3.88,8.69,33.61,0.9107,1,High
paper,24.34,0.2,9.75,15.3,0.6794,1,Medium
glass,0.05,2.69,0.0,0.0,0.4095,0,Low
organic,67.72,9.45,2.9,4.01,0.053,0,Unsuitable
glass,2.51,1.8,0.0,0.0,0.4274,0,Low
metal,4.29,0.32,0.63,0.45,0.4474,0,Low
paper,13.17,1.53,8.69,14.65,0.5614,1,Medium
glass,1.02,1.6,0.0,0.0,0.5353,1,Medium
organic,78.87,7.65,2.13,6.97,0.1432,0,Unsuitable
glass,3.4,1.5,0.0,0.0,0.4365,0,Low
cardboard,10.69,1.09,9.3,17.12,0.6943,1,Medium
glass,3.93,1.72,0.0,0.0,0.4453,0,Low
paper,11.03,3.16,8.65,13.02,0.6916,1,Medium
plastic,4.86,4.08,8.95,41.91,0.8432,1,High
glass,2.23,1.01,0.0,0.0,0.4272,0,Low
cardboard,5.31,0.04,8.12,16.86,0.6985,1,Medium
organic,61.33,8.06,2.38,7.92,0.1449,0,Unsuitable
metal,0.55,2.13,0.84,0.05,0.4228,0,Low
metal,1.41,0.04,0.99,0.3,0.4991,1,Low
glass,4.16,2.44,0.0,0.0,0.4138,0,Low
organic,53.87,5.59,2.56,4.78,0.3037,0,Unsuitable
cardboard,8.31,1.49,8.44,17.16,0.7501,1,High
paper,10.07,0.18,7.91,13.63,0.6889,1,Medium
paper,9.53,1.59,9.18,15.04,0.6757,1,Medium
organic,46.47,9.55,2.41,6.18,0.2207,0,Unsuitable
plastic,7.25,1.02,8.57,34.99,0.7533,1,High
paper,10.36,0.65,9.78,13.65,0.7051,1,High
paper,19.42,3.76,9.18,13.44,0.5061,1,Medium
metal,4.48,1.87,0.52,0.27,0.4225,0,Low
paper,20.59,3.29,8.0,14.89,0.5988,1,Medium
plastic,4.28,5.77,9.41,30.02,0.7241,1,High
paper,15.32,4.2,7.52,13.06,0.562,1,Medium
glass,3.68,2.92,0.0,0.0,0.3608,0,Low
plastic,5.72,5.55,8.79,45.36,0.7721,1,High
cardboard,7.11,2.1,9.72,15.93,0.6897,1,Medium
metal,3.73,1.67,0.18,0.36,0.477,1,Low
paper,17.89,1.13,7.4,16.83,0.6318,1,Medium
metal,3.48,2.49,0.16,0.25,0.4173,0,Low
glass,0.52,0.45,0.0,0.0,0.4434,0,Low
glass,4.85,0.42,0.0,0.0,0.447,0,Low
cardboard,23.73,3.23,8.96,15.85,0.5866,1,Medium
paper,26.52,1.8,8.12,14.19,0.677,1,Medium
organic,74.43,3.07,3.74,7.71,0.3132,0,Unsuitable
paper,12.81,0.37,7.67,13.36,0.6584,1,Medium
plastic,1.64,1.81,8.02,45.2,1.0,1,High
paper,26.99,0.53,8.45,16.38,0.6612,1,Medium
plastic,2.1,4.41,9.36,35.79,0.7424,1,High
organic,73.02,5.25,2.55,5.59,0.1755,0,Unsuitable
cardboard,5.17,0.22,8.25,17.03,0.6416,1,Medium
glass,0.22,1.02,0.0,0.0,0.3819,0,Low
organic,71.62,5.23,4.98,3.73,0.3136,0,Unsuitable
plastic,5.39,0.65,9.91,44.5,0.9802,1,High
plastic,8.93,0.88,9.01,35.09,0.8417,1,High
organic,48.8,7.81,2.36,6.66,0.2533,0,Unsuitable
paper,21.52,4.37,8.83,13.85,0.5548,1,Medium
plastic,0.89,3.48,8.7,33.89,0.8961,1,High
cardboard,23.97,0.48,7.91,16.41,0.6491,1,Medium
plastic,0.99,4.09,9.26,42.95,0.9031,1,High
organic,70.78,5.95,3.95,6.51,0.2927,0,Unsuitable
cardboard,9.11,1.03,8.08,15.03,0.6432,1,Medium
metal,0.01,1.7,0.7,0.28,0.3838,0,Low
metal,0.3,2.1,0.8,0.36,0.4622,1,Low
cardboard,19.15,2.96,9.17,17.21,0.6803,1,Medium
plastic,3.61,3.17,9.53,35.36,0.8258,1,High
cardboard,20.63,1.0,9.46,15.53,0.5994,1,Medium
glass,1.5,0.01,0.0,0.0,0.3606,0,Low
plastic,7.86,0.28,8.78,30.6,0.8654,1,High
cardboard,24.64,3.64,7.95,17.07,0.5791,1,Medium
glass,4.44,1.23,0.0,0.0,0.4739,1,Low
cardboard,6.33,0.97,7.9,16.27,0.7087,1,High
organic,51.66,8.53,2.89,6.48,0.1441,0,Unsuitable
organic,54.17,4.32,2.54,6.72,0.3733,0,Low
metal,0.23,2.95,0.67,0.42,0.4595,1,Low
glass,1.0,0.56,0.0,0.0,0.3767,0,Low
organic,45.03,5.14,5.02,7.23,0.2995,0,Unsuitable
glass,3.33,2.22,0.0,0.0,0.2847,0,Unsuitable
cardboard,9.9,2.29,8.83,16.65,0.6387,1,Medium
plastic,5.08,0.74,9.41,32.11,0.8698,1,High
metal,2.44,1.72,1.0,0.36,0.5071,1,Medium
plastic,5.09,5.85,8.83,42.92,0.827,1,High
plastic,2.24,3.48,8.44,30.05,0.6829,1,Medium
plastic,3.71,5.33,8.78,43.52,0.8773,1,High
paper,5.19,0.94,9.79,15.42,0.6999,1,Medium
cardboard,19.33,3.09,9.93,15.05,0.5456,1,Medium
paper,14.79,4.19,8.63,15.26,0.724,1,High
paper,11.6,2.46,8.68,15.97,0.7009,1,High
glass,3.4,1.46,0.0,0.0,0.3919,0,Low
organic,67.19,3.54,2.88,6.96,0.3139,0,Unsuitable
paper,17.45,4.94,7.71,13.08,0.5901,1,Medium
cardboard,19.52,3.1,8.7,15.77,0.6268,1,Medium
paper,5.37,3.41,8.84,13.09,0.6194,1,Medium
plastic,3.08,3.81,9.2,32.29,0.8164,1,High
glass,3.42,2.8,0.0,0.0,0.3941,0,Low
metal,0.27,1.19,0.9,0.4,0.4012,0,Low
plastic,1.53,3.04,9.17,33.36,0.7736,1,High
organic,50.68,6.55,2.09,3.65,0.2273,0,Unsuitable
metal,1.55,2.9,0.47,0.04,0.3867,0,Low
plastic,1.72,1.13,8.85,34.22,0.913,1,High
glass,2.43,0.33,0.0,0.0,0.3757,0,Low
paper,20.66,1.41,8.48,14.19,0.6573,1,Medium
cardboard,23.26,3.67,8.26,15.91,0.5875,1,Medium
cardboard,17.38,2.18,7.11,17.54,0.716,1,High
organic,41.88,4.92,3.9,7.48,0.3474,0,Unsuitable
paper,14.3,3.9,8.58,13.7,0.5791,1,Medium
paper,20.65,4.87,8.99,13.06,0.6659,1,Medium
glass,4.31,1.15,0.0,0.0,0.4148,0,Low
paper,10.9,2.87,9.3,16.34,0.673,1,Medium
organic,59.36,6.04,2.79,7.48,0.3168,0,Unsuitable
cardboard,6.03,3.18,8.94,15.78,0.6604,1,Medium
cardboard,6.39,3.97,8.91,15.76,0.5801,1,Medium
cardboard,24.0,1.75,9.7,17.61,0.7184,1,High
paper,21.51,3.86,8.1,13.21,0.5306,1,Medium
glass,3.08,2.33,0.0,0.0,0.4153,0,Low
plastic,7.82,3.3,9.57,32.6,0.7741,1,High
cardboard,23.38,0.69,7.18,16.96,0.7046,1,High
plastic,9.06,4.5,8.04,37.69,0.7622,1,High
organic,57.35,9.74,4.61,3.55,0.2033,0,Unsuitable
cardboard,6.31,1.38,9.15,15.47,0.7445,1,High
glass,3.45,2.33,0.0,0.0,0.3735,0,Low
paper,9.01,3.86,7.73,16.37,0.5559,1,Medium
plastic,3.94,3.34,9.07,44.8,0.8716,1,High
paper,5.78,3.85,9.76,14.58,0.7174,1,High
organic,72.19,8.9,3.35,5.59,0.1894,0,Unsuitable
glass,3.14,1.29,0.0,0.0,0.4685,1,Low
paper,28.36,2.84,8.54,14.69,0.5787,1,Medium
metal,3.39,2.32,0.42,0.13,0.3738,0,Low
glass,3.88,1.25,0.0,0.0,0.4553,1,Low
paper,20.22,4.86,7.42,15.29,0.5055,1,Medium
glass,4.04,1.85,0.0,0.0,0.309,0,Unsuitable
organic,58.9,3.5,5.59,6.65,0.3539,0,Low
paper,26.86,3.96,8.3,13.47,0.4606,1,Low
organic,77.96,8.38,2.82,3.97,0.1276,0,Unsuitable
organic,45.68,7.09,3.51,4.51,0.2325,0,Unsuitable
plastic,7.78,2.92,8.88,44.52,0.8349,1,High
organic,59.87,7.78,2.95,3.32,0.2893,0,Unsuitable
metal,0.82,0.89,0.99,0.32,0.4599,1,Low
metal,0.36,2.91,0.89,0.27,0.3756,0,Low
glass,4.17,2.36,0.0,0.0,0.4295,0,Low
glass,2.49,2.45,0.0,0.0,0.3729,0,Low
paper,25.41,0.72,8.01,14.07,0.5966,1,Medium
plastic,7.59,2.74,8.96,32.11,0.7126,1,High
metal,3.89,0.67,0.62,0.15,0.4063,0,Low
organic,47.19,3.72,2.78,6.98,0.2986,0,Unsuitable
cardboard,23.98,2.3,8.46,17.25,0.6805,1,Medium
glass,2.14,1.5,0.0,0.0,0.3818,0,Low
organic,61.22,8.8,5.49,5.4,0.1694,0,Unsuitable
glass,4.37,1.53,0.0,0.0,0.3955,0,Low
metal,2.35,1.81,0.88,0.42,0.4407,0,Low
cardboard,13.15,0.57,9.01,15.54,0.7085,1,High
metal,2.75,1.94,0.68,0.42,0.4427,0,Low
organic,59.9,4.23,4.46,4.48,0.2965,0,Unsuitable
metal,0.09,1.69,0.17,0.14,0.3973,0,Low
glass,0.85,2.96,0.0,0.0,0.4365,0,Low
paper,27.41,2.6,7.11,15.84,0.6614,1,Medium
glass,1.29,1.39,0.0,0.0,0.4393,0,Low
metal,4.71,2.37,0.03,0.41,0.3753,0,Low
plastic,5.16,2.98,9.67,36.8,0.835,1,High
cardboard,10.3,2.72,7.54,16.93,0.6975,1,Medium
paper,25.99,2.42,9.79,16.6,0.6673,1,Medium
organic,48.58,8.76,4.54,4.47,0.1887,0,Unsuitable
glass,2.15,2.4,0.0,0.0,0.3419,0,Unsuitable
paper,19.64,0.75,8.01,16.54,0.6096,1,Medium
plastic,7.44,2.91,8.93,39.95,0.8579,1,High
organic,79.57,9.08,4.95,3.69,0.1266,0,Unsuitable
paper,9.39,4.69,9.45,15.09,0.6565,1,Medium
cardboard,16.18,0.73,7.92,17.82,0.614,1,Medium
cardboard,7.04,1.0,8.78,15.18,0.713,1,High
metal,1.45,0.88,0.23,0.47,0.4453,0,Low
metal,2.93,0.9,0.7,0.05,0.4779,1,Low
metal,3.63,0.8,0.36,0.48,0.467,1,Low
glass,0.92,1.29,0.0,0.0,0.3473,0,Unsuitable
paper,20.28,2.17,9.28,13.17,0.6581,1,Medium
metal,3.42,0.99,0.08,0.17,0.4563,1,Low
organic,68.99,8.43,4.54,4.22,0.2135,0,Unsuitable
cardboard,9.29,3.62,9.12,15.16,0.6613,1,Medium
plastic,4.53,2.52,9.21,41.59,0.8972,1,High
metal,1.36,1.89,0.69,0.34,0.4941,1,Low
metal,3.81,0.9,0.21,0.27,0.4102,0,Low
plastic,0.33,0.31,9.39,45.57,1.0,1,High
organic,72.72,4.83,5.98,5.82,0.2167,0,Unsuitable
cardboard,14.92,1.34,9.34,15.32,0.7326,1,High
plastic,2.3,3.13,9.7,36.04,0.8114,1,High
organic,51.67,4.69,5.48,5.32,0.3572,0,Low
glass,1.5,2.28,0.0,0.0,0.4156,0,Low
organic,52.5,5.82,3.91,4.23,0.3214,0,Unsuitable
glass,0.12,2.43,0.0,0.0,0.4975,1,Low
glass,3.29,1.96,0.0,0.0,0.4484,0,Low
metal,4.01,0.0,0.53,0.33,0.5424,1,Medium
metal,1.84,0.89,0.18,0.28,0.4675,1,Low
paper,14.0,1.29,9.37,15.9,0.6851,1,Medium
organic,55.56,3.87,5.14,6.09,0.3485,0,Unsuitable
cardboard,18.19,3.72,8.42,16.36,0.5514,1,Medium
organic,78.39,9.73,5.28,5.31,0.2323,0,Unsuitable
cardboard,23.77,1.45,9.27,17.77,0.7592,1,High
plastic,9.48,3.33,8.98,45.8,0.9384,1,High
organic,78.53,7.82,4.15,3.66,0.1679,0,Unsuitable
paper,28.61,3.01,8.21,15.2,0.5882,1,Medium
glass,2.0,1.82,0.0,0.0,0.465,1,Low
organic,61.26,7.05,3.35,4.36,0.2273,0,Unsuitable
glass,3.56,0.66,0.0,0.0,0.4172,0,Low
cardboard,22.92,2.44,9.15,16.68,0.647,1,Medium
plastic,8.28,2.1,9.53,38.69,0.8797,1,High
organic,72.11,3.29,5.52,7.84,0.2617,0,Unsuitable
plastic,8.07,3.88,8.68,44.14,0.7941,1,High
cardboard,22.06,2.68,7.87,17.93,0.5734,1,Medium
glass,2.02,0.41,0.0,0.0,0.4632,1,Low
metal,4.83,2.3,0.24,0.36,0.4139,0,Low
organic,59.74,9.56,3.51,4.32,0.2218,0,Unsuitable
glass,2.65,2.59,0.0,0.0,0.3295,0,Unsuitable
cardboard,21.95,3.86,7.98,17.22,0.5749,1,Medium
metal,3.05,2.41,0.89,0.22,0.3258,0,Unsuitable
glass,0.67,1.09,0.0,0.0,0.3796,0,Low
paper,23.48,1.08,7.77,16.74,0.612,1,Medium
cardboard,16.54,0.92,7.84,15.67,0.6181,1,Medium
plastic,8.99,2.59,8.84,36.19,0.9301,1,High
plastic,8.72,1.96,9.91,35.04,0.8285,1,High
cardboard,15.4,0.91,9.26,16.97,0.724,1,High
glass,3.54,0.93,0.0,0.0,0.3963,0,Low
paper,26.68,2.95,8.66,13.95,0.5753,1,Medium
organic,41.72,8.71,2.21,6.36,0.215,0,Unsuitable
plastic,4.33,5.15,8.19,40.67,0.7502,1,High
organic,46.91,8.6,3.8,5.14,0.3664,0,Low
organic,55.42,6.64,2.43,5.13,0.2375,0,Unsuitable
cardboard,8.32,1.45,8.33,17.01,0.6979,1,Medium
plastic,5.5,4.06,8.15,45.27,0.8952,1,High
cardboard,9.46,0.34,9.37,15.72,0.7099,1,High
plastic,1.82,5.85,9.56,44.88,0.9391,1,High
metal,2.4,0.51,0.33,0.15,0.394,0,Low
organic,41.03,3.99,4.73,3.62,0.3302,0,Unsuitable
paper,22.27,0.7,7.44,13.92,0.6216,1,Medium
cardboard,9.01,0.14,9.72,17.63,0.7088,1,High
paper,9.71,3.6,7.75,16.73,0.5887,1,Medium
paper,19.71,0.04,9.65,15.91,0.6829,1,Medium
metal,3.54,2.41,0.96,0.29,0.4057,0,Low
cardboard,13.51,2.81,9.76,16.8,0.6885,1,Medium
organic,64.76,9.05,2.26,4.99,0.1292,0,Unsuitable
cardboard,15.03,0.88,8.06,16.22,0.7068,1,High
glass,2.96,1.94,0.0,0.0,0.3764,0,Low
metal,0.83,0.29,0.74,0.06,0.445,0,Low
organic,44.73,4.14,4.03,6.23,0.2586,0,Unsuitable
paper,8.21,3.08,9.32,14.25,0.7142,1,High
paper,7.29,4.44,8.13,15.09,0.6194,1,Medium
cardboard,12.43,2.6,7.23,16.44,0.7082,1,High
plastic,2.93,4.31,9.35,41.95,0.8263,1,High
paper,29.85,0.27,9.48,15.96,0.7142,1,High
organic,70.29,8.18,2.55,6.96,0.164,0,Unsuitable
plastic,6.45,4.93,8.93,33.79,0.8606,1,High
metal,2.64,1.39,0.78,0.12,0.3541,0,Low
paper,16.85,0.25,7.69,14.41,0.7575,1,High
cardboard,16.21,3.51,8.63,15.86,0.6559,1,Medium
paper,8.42,2.81,9.05,13.2,0.6069,1,Medium
paper,12.99,4.79,7.61,13.25,0.6443,1,Medium
paper,8.36,0.63,8.22,14.23,0.7425,1,High
paper,17.54,0.39,9.59,14.14,0.664,1,Medium
metal,4.66,1.3,0.23,0.42,0.3711,0,Low
organic,62.06,6.43,5.4,6.65,0.287,0,Unsuitable
cardboard,19.69,2.57,8.5,17.96,0.6594,1,Medium
glass,3.88,1.73,0.0,0.0,0.4141,0,Low
organic,49.1,5.83,4.34,5.8,0.3194,0,Unsuitable
organic,48.89,5.44,2.06,6.46,0.206,0,Unsuitable
cardboard,12.03,1.34,8.54,17.58,0.7053,1,High
paper,22.3,0.22,9.49,16.85,0.7472,1,High
plastic,9.57,2.48,8.83,31.7,0.8037,1,High
cardboard,14.56,2.03,7.65,16.84,0.6683,1,Medium
paper,13.16,0.98,9.09,15.07,0.7573,1,High
cardboard,13.51,3.87,7.16,16.26,0.5787,1,Medium
cardboard,7.93,1.85,7.47,16.56,0.6748,1,Medium
paper,7.68,4.13,8.38,16.53,0.6057,1,Medium
paper,20.69,4.62,7.52,16.2,0.5605,1,Medium
metal,0.85,1.3,0.13,0.48,0.3846,0,Low
glass,0.33,2.69,0.0,0.0,0.3699,0,Low
paper,9.81,2.29,8.6,14.33,0.6572,1,Medium
metal,0.7,2.12,0.17,0.15,0.3718,0,Low
plastic,7.03,2.57,9.74,40.88,0.9658,1,High
plastic,7.16,0.89,9.96,42.59,0.9145,1,High
glass,0.86,1.84,0.0,0.0,0.3415,0,Unsuitable
cardboard,15.26,0.75,7.47,15.23,0.7062,1,High
paper,28.68,3.75,9.31,15.04,0.5258,1,Medium
metal,4.71,2.17,0.11,0.33,0.5565,1,Medium
glass,3.46,2.5,0.0,0.0,0.402,0,Low
cardboard,7.64,0.14,9.16,17.54,0.7564,1,High
glass,1.68,0.72,0.0,0.0,0.5015,1,Medium
metal,1.37,0.8,0.05,0.14,0.4169,0,Low
plastic,2.56,4.14,9.09,43.4,0.8927,1,High
glass,1.84,0.27,0.0,0.0,0.4991,1,Low
metal,4.49,0.02,0.49,0.21,0.452,1,Low
cardboard,10.79,3.49,9.2,16.3,0.6039,1,Medium
paper,23.93,2.0,8.02,13.16,0.6341,1,Medium
glass,0.27,0.07,0.0,0.0,0.4326,0,Low
glass,3.12,1.87,0.0,0.0,0.3664,0,Low
organic,60.77,9.68,5.48,4.17,0.3162,0,Unsuitable
organic,41.07,3.2,2.68,6.47,0.3186,0,Unsuitable
cardboard,5.32,3.95,8.6,16.18,0.6343,1,Medium
glass,2.35,1.84,0.0,0.0,0.3371,0,Unsuitable
metal,0.02,2.58,0.31,0.14,0.2977,0,Unsuitable
organic,44.92,4.86,3.41,7.93,0.3987,0,Low
metal,1.15,1.71,0.4,0.03,0.3315,0,Unsuitable
metal,4.49,2.38,0.08,0.36,0.404,0,Low
cardboard,17.05,2.31,7.15,15.18,0.5237,1,Medium
cardboard,9.84,2.0,7.49,17.37,0.7062,1,High
cardboard,21.84,0.2,8.28,17.54,0.7616,1,High
glass,2.95,1.04,0.0,0.0,0.4135,0,Low
glass,4.3,1.73,0.0,0.0,0.4292,0,Low
glass,4.81,2.16,0.0,0.0,0.3608,0,Low
paper,16.04,0.95,7.46,14.73,0.5734,1,Medium
glass,2.21,1.78,0.0,0.0,0.3453,0,Unsuitable
glass,4.51,2.42,0.0,0.0,0.4349,0,Low
cardboard,16.11,1.98,9.29,16.0,0.6611,1,Medium
metal,4.33,2.92,0.78,0.11,0.3045,0,Unsuitable
glass,2.11,0.71,0.0,0.0,0.4123,0,Low
paper,11.85,1.9,8.43,15.86,0.5838,1,Medium
cardboard,7.55,1.05,9.98,15.57,0.7834,1,High
organic,65.54,5.75,2.37,3.02,0.1319,0,Unsuitable
paper,10.77,3.89,9.57,13.58,0.6602,1,Medium
metal,0.73,0.86,0.24,0.39,0.4923,1,Low
metal,3.37,2.47,0.3,0.1,0.2984,0,Unsuitable
plastic,3.2,4.03,9.36,38.22,0.7636,1,High
glass,2.44,1.53,0.0,0.0,0.3788,0,Low
cardboard,24.42,2.91,7.23,16.22,0.4733,1,Low
cardboard,8.63,2.33,8.05,16.02,0.6844,1,Medium
metal,2.11,1.58,0.56,0.28,0.4837,1,Low
paper,13.37,3.28,7.44,16.98,0.5902,1,Medium
metal,2.09,0.9,0.39,0.36,0.4114,0,Low
glass,4.44,1.37,0.0,0.0,0.4175,0,Low
glass,2.37,2.33,0.0,0.0,0.3429,0,Unsuitable
cardboard,15.14,1.46,8.21,16.36,0.6185,1,Medium
organic,78.49,8.91,5.37,4.0,0.1703,0,Unsuitable
paper,21.4,1.01,9.24,13.8,0.6659,1,Medium
metal,1.53,2.54,0.73,0.27,0.4459,0,Low
paper,14.75,3.91,7.62,15.01,0.6548,1,Medium
glass,2.13,1.56,0.0,0.0,0.4357,0,Low
cardboard,6.09,0.38,8.05,17.53,0.7531,1,High
metal,1.55,2.16,0.58,0.49,0.3742,0,Low
cardboard,16.85,1.23,7.14,15.16,0.7015,1,High
metal,3.46,2.1,0.18,0.43,0.4049,0,Low
paper,7.95,4.18,9.73,16.29,0.598,1,Medium
organic,54.45,7.99,4.32,5.12,0.3299,0,Unsuitable
plastic,4.13,5.42,8.58,32.44,0.7612,1,High
paper,23.98,4.3,7.34,15.49,0.5723,1,Medium
plastic,6.71,5.76,8.69,34.8,0.8024,1,High
glass,2.15,1.42,0.0,0.0,0.3897,0,Low
metal,2.95,2.26,0.01,0.11,0.3956,0,Low
cardboard,15.14,1.37,8.95,15.68,0.6925,1,Medium
organic,53.82,5.53,5.79,3.22,0.327,0,Unsuitable
cardboard,16.56,2.8,8.92,15.02,0.6379,1,Medium
metal,3.86,0.57,0.72,0.31,0.4227,0,Low
paper,9.4,3.35,9.21,14.96,0.7146,1,High
glass,1.45,2.29,0.0,0.0,0.4663,1,Low
cardboard,18.48,2.69,8.83,16.56,0.5863,1,Medium
glass,4.82,1.4,0.0,0.0,0.4678,1,Low
organic,68.97,7.51,2.95,3.24,0.1308,0,Unsuitable
cardboard,11.5,3.14,8.96,17.09,0.6281,1,Medium
glass,2.35,0.55,0.0,0.0,0.4327,0,Low
organic,63.21,6.09,3.07,7.31,0.2303,0,Unsuitable
paper,28.08,3.17,7.05,16.65,0.6044,1,Medium
organic,61.39,6.17,3.93,6.85,0.2756,0,Unsuitable
metal,0.88,0.17,0.13,0.13,0.4015,0,Low
glass,1.2,0.96,0.0,0.0,0.3403,0,Unsuitable
organic,61.29,9.66,5.98,7.19,0.2916,0,Unsuitable
glass,2.9,1.05,0.0,0.0,0.3648,0,Low
plastic,0.39,3.65,9.38,30.05,0.797,1,High
metal,3.96,0.12,0.05,0.31,0.4134,0,Low
plastic,8.31,3.55,9.9,35.03,0.8026,1,High
glass,0.54,2.39,0.0,0.0,0.4153,0,Low
organic,63.95,8.59,2.13,3.82,0.0722,0,Unsuitable
glass,1.92,2.86,0.0,0.0,0.3347,0,Unsuitable
paper,12.01,1.39,9.14,15.47,0.6517,1,Medium
cardboard,17.13,3.57,9.55,17.76,0.6448,1,Medium
plastic,9.85,4.9,9.59,40.68,0.9194,1,High
metal,3.71,2.1,0.73,0.38,0.3532,0,Low
plastic,3.49,2.35,9.5,41.46,0.8768,1,High
plastic,5.96,0.84,9.27,44.19,0.9453,1,High
glass,4.48,3.0,0.0,0.0,0.3395,0,Unsuitable
metal,1.2,0.74,0.18,0.32,0.4224,0,Low
plastic,4.31,3.14,8.88,43.68,0.9741,1,High
plastic,9.92,5.07,9.32,42.1,0.8267,1,High
cardboard,20.32,0.83,8.47,15.53,0.6552,1,Medium
glass,1.27,0.33,0.0,0.0,0.4538,1,Low
paper,13.31,3.87,7.68,16.76,0.6683,1,Medium
cardboard,9.81,0.3,8.41,15.75,0.7124,1,High
cardboard,15.34,0.93,8.35,15.59,0.7034,1,High
metal,0.54,0.57,0.94,0.33,0.4399,0,Low
paper,11.42,4.29,8.09,13.58,0.6186,1,Medium
metal,2.02,2.46,0.62,0.26,0.3483,0,Unsuitable
cardboard,6.5,3.96,7.52,15.77,0.4924,1,Low
plastic,7.64,2.74,9.91,30.84,0.7923,1,High
organic,42.42,5.74,2.22,7.99,0.3451,0,Unsuitable
metal,1.09,0.83,0.45,0.16,0.4474,0,Low
metal,3.28,1.84,0.9,0.24,0.3416,0,Unsuitable
organic,47.79,7.38,5.08,3.77,0.2381,0,Unsuitable
metal,4.34,1.52,0.53,0.36,0.4106,0,Low
plastic,8.04,5.54,8.11,31.94,0.6865,1,Medium
cardboard,17.09,1.53,8.62,17.11,0.664,1,Medium
metal,0.45,1.32,0.92,0.28,0.386,0,Low
cardboard,23.17,1.55,8.53,15.35,0.7004,1,High
paper,24.86,1.63,8.31,13.67,0.5237,1,Medium
glass,0.43,1.95,0.0,0.0,0.3246,0,Unsuitable
organic,62.26,9.96,3.72,7.95,0.1896,0,Unsuitable
cardboard,12.85,3.61,9.63,15.97,0.6192,1,Medium
organic,70.68,7.4,2.61,3.37,0.1922,0,Unsuitable
organic,60.01,4.67,3.17,4.96,0.4118,0,Low
paper,14.68,0.58,9.6,15.44,0.7233,1,High
plastic,4.24,2.5,9.2,39.74,0.8593,1,High
cardboard,7.07,1.22,7.05,16.36,0.6928,1,Medium
glass,3.67,0.5,0.0,0.0,0.423,0,Low
paper,6.79,1.71,8.17,15.86,0.7185,1,High
glass,4.74,2.99,0.0,0.0,0.3539,0,Low
organic,74.85,6.61,2.71,4.64,0.1393,0,Unsuitable
cardboard,22.4,2.08,8.44,17.25,0.6878,1,Medium
glass,1.92,1.93,0.0,0.0,0.4135,0,Low
glass,0.28,1.23,0.0,0.0,0.41,0,Low
metal,4.49,2.46,0.52,0.35,0.5008,1,Medium
cardboard,21.9,2.86,7.36,17.94,0.592,1,Medium
cardboard,8.44,2.88,7.21,15.24,0.6904,1,Medium
metal,4.97,0.83,0.61,0.26,0.5374,1,Medium
cardboard,16.1,3.8,8.0,16.32,0.5947,1,Medium
paper,13.31,1.9,7.91,16.24,0.7066,1,High
cardboard,17.47,1.56,7.04,15.52,0.6062,1,Medium
metal,0.58,1.96,0.14,0.04,0.4083,0,Low
plastic,1.46,0.88,8.51,38.59,0.8875,1,High
paper,26.32,3.76,8.88,16.63,0.6102,1,Medium
cardboard,13.23,1.31,8.0,15.44,0.6459,1,Medium
metal,0.28,2.02,0.86,0.25,0.3994,0,Low
glass,1.72,2.96,0.0,0.0,0.3954,0,Low
plastic,7.09,4.34,8.13,33.56,0.7543,1,High
glass,4.38,1.83,0.0,0.0,0.4291,0,Low
metal,0.37,2.75,0.9,0.34,0.4427,0,Low
organic,70.61,7.72,2.89,5.57,0.1453,0,Unsuitable
organic,74.41,6.93,4.09,6.49,0.2269,0,Unsuitable
metal,0.43,0.38,0.76,0.01,0.4732,1,Low
plastic,9.05,4.22,8.01,34.99,0.7565,1,High
glass,2.34,1.38,0.0,0.0,0.3519,0,Low
plastic,5.07,1.02,8.09,32.29,0.7567,1,High
plastic,2.78,0.83,9.47,37.13,0.8758,1,High
paper,21.61,2.66,8.97,13.16,0.5622,1,Medium
glass,1.38,1.88,0.0,0.0,0.4171,0,Low
organic,77.59,5.37,4.77,6.58,0.3031,0,Unsuitable
organic,66.22,8.35,6.0,3.2,0.1636,0,Unsuitable
metal,0.73,0.46,0.45,0.44,0.3948,0,Low
glass,1.88,0.96,0.0,0.0,0.468,1,Low
glass,4.57,1.5,0.0,0.0,0.3794,0,Low
glass,4.22,1.6,0.0,0.0,0.4843,1,Low
plastic,4.14,0.62,8.72,36.35,0.8475,1,High
paper,8.6,1.12,8.68,14.08,0.6725,1,Medium
metal,3.45,0.9,0.09,0.24,0.3609,0,Low
organic,69.05,7.34,3.79,7.73,0.0733,0,Unsuitable
metal,4.4,2.4,0.42,0.08,0.3839,0,Low
metal,1.17,2.62,0.5,0.23,0.4619,1,Low
organic,48.6,6.0,5.75,4.19,0.2909,0,Unsuitable
paper,6.3,2.66,7.52,15.49,0.7157,1,High
organic,75.88,9.47,2.85,5.71,0.091,0,Unsuitable
paper,9.78,0.77,7.04,13.73,0.6298,1,Medium
organic,43.1,9.07,5.12,4.27,0.241,0,Unsuitable
cardboard,20.51,1.29,8.69,16.14,0.7047,1,High
plastic,5.86,4.5,9.51,35.7,0.8118,1,High
paper,6.36,0.36,8.13,13.89,0.7951,1,High
glass,2.96,2.02,0.0,0.0,0.4146,0,Low
glass,3.63,1.58,0.0,0.0,0.4271,0,Low
organic,67.33,8.47,5.66,7.75,0.2465,0,Unsuitable
organic,76.46,3.02,4.55,3.89,0.2496,0,Unsuitable
organic,51.9,6.38,2.04,4.18,0.2382,0,Unsuitable
organic,75.57,9.98,3.79,4.3,0.0731,0,Unsuitable
metal,0.57,2.92,0.71,0.25,0.2925,0,Unsuitable
glass,2.72,1.24,0.0,0.0,0.3924,0,Low
cardboard,9.52,1.92,7.49,17.0,0.6045,1,Medium
metal,2.25,0.84,0.84,0.35,0.3904,0,Low
glass,2.64,2.63,0.0,0.0,0.3499,0,Unsuitable
metal,4.04,1.06,0.13,0.04,0.3664,0,Low
cardboard,20.57,1.15,7.35,15.74,0.6754,1,Medium
cardboard,9.31,0.86,7.1,16.79,0.7041,1,High
glass,3.27,1.71,0.0,0.0,0.4709,1,Low
organic,43.37,8.67,4.34,6.27,0.303,0,Unsuitable
metal,2.19,2.64,0.22,0.0,0.3968,0,Low
metal,4.11,1.93,0.92,0.23,0.4101,0,Low
plastic,2.31,1.31,9.47,31.29,0.7946,1,High
plastic,5.77,0.28,9.41,38.11,0.8781,1,High
organic,67.3,3.03,2.82,4.29,0.2377,0,Unsuitable
plastic,7.47,3.08,8.65,31.66,0.7415,1,High
metal,2.0,1.65,0.94,0.12,0.4044,0,Low
cardboard,19.28,0.05,8.97,15.49,0.6562,1,Medium
cardboard,16.18,1.5,8.41,15.93,0.7205,1,High
paper,18.55,4.27,8.99,14.29,0.5515,1,Medium
paper,7.07,2.73,8.29,16.03,0.6337,1,Medium
paper,7.04,1.95,8.6,14.51,0.6726,1,Medium
paper,17.64,4.68,8.23,13.33,0.522,1,Medium
glass,1.28,0.81,0.0,0.0,0.4935,1,Low
metal,1.75,0.59,0.42,0.18,0.5082,1,Medium
organic,67.17,9.4,4.52,4.25,0.0691,0,Unsuitable
plastic,4.02,2.53,9.96,34.46,0.9405,1,High
organic,47.14,7.22,5.0,6.18,0.2195,0,Unsuitable
cardboard,6.19,1.88,8.51,17.31,0.7017,1,High
organic,71.32,5.56,4.53,6.74,0.1965,0,Unsuitable
organic,56.89,7.54,3.57,6.69,0.2627,0,Unsuitable
cardboard,8.14,0.82,9.26,16.89,0.7128,1,High
organic,52.55,8.94,4.74,3.98,0.2327,0,Unsuitable
glass,0.79,2.38,0.0,0.0,0.4124,0,Low
glass,4.92,2.17,0.0,0.0,0.4187,0,Low
paper,19.6,2.6,7.82,14.13,0.6655,1,Medium
organic,53.39,8.1,5.81,5.2,0.1805,0,Unsuitable
metal,0.05,2.36,0.53,0.24,0.3557,0,Low
metal,2.58,0.97,0.28,0.21,0.439,0,Low
metal,1.62,0.58,0.43,0.07,0.4542,1,Low
cardboard,7.07,2.66,7.8,16.42,0.5913,1,Medium
cardboard,23.97,0.89,9.86,15.98,0.7028,1,High
glass,3.51,0.6,0.0,0.0,0.4632,1,Low
paper,27.29,1.37,9.77,13.56,0.6095,1,Medium
plastic,3.08,1.09,8.19,40.49,0.9801,1,High
metal,4.9,0.95,0.03,0.07,0.3285,0,Unsuitable
metal,2.32,2.23,0.3,0.07,0.4091,0,Low
paper,19.38,4.67,7.87,15.05,0.5632,1,Medium
paper,23.79,3.86,8.62,15.14,0.6452,1,Medium
paper,21.75,1.91,9.49,13.94,0.6224,1,Medium
glass,1.73,0.76,0.0,0.0,0.4513,1,Low
plastic,1.52,1.55,9.04,41.73,0.9292,1,High
metal,1.16,0.89,0.1,0.01,0.4734,1,Low
cardboard,7.5,3.48,8.99,16.31,0.6729,1,Medium
cardboard,23.7,0.4,7.73,17.58,0.6806,1,Medium
organic,52.56,9.61,3.37,6.58,0.2189,0,Unsuitable
organic,46.83,4.44,4.32,7.22,0.3472,0,Unsuitable
glass,1.72,1.22,0.0,0.0,0.4182,0,Low
organic,62.97,4.04,5.71,6.99,0.4742,1,Low
organic,55.26,5.84,5.27,5.82,0.3442,0,Unsuitable
paper,22.99,2.29,7.38,13.43,0.5971,1,Medium
paper,8.37,2.75,7.81,15.78,0.6197,1,Medium
metal,2.35,0.16,0.33,0.01,0.3861,0,Low
metal,0.5,2.21,0.58,0.25,0.5246,1,Medium
glass,1.68,2.13,0.0,0.0,0.4102,0,Low
paper,8.7,2.48,7.01,13.77,0.6211,1,Medium
metal,4.37,0.15,0.56,0.32,0.4156,0,Low
paper,7.58,0.73,8.91,13.86,0.7217,1,High
metal,4.6,2.85,0.29,0.36,0.3763,0,Low
plastic,2.66,1.24,8.74,45.25,0.8804,1,High
cardboard,10.87,2.12,7.58,15.83,0.6336,1,Medium
metal,3.28,2.52,0.87,0.08,0.4931,1,Low
metal,0.67,1.12,0.52,0.02,0.445,0,Low
organic,45.1,9.54,3.15,5.51,0.076,0,Unsuitable
paper,19.17,2.06,9.79,13.89,0.6336,1,Medium
plastic,4.27,4.78,8.08,39.88,0.8472,1,High
metal,4.86,0.44,0.25,0.47,0.4398,0,Low
paper,6.93,3.93,8.7,15.26,0.6433,1,Medium
cardboard,9.82,0.64,8.84,17.65,0.7303,1,High
glass,0.76,0.52,0.0,0.0,0.4246,0,Low
glass,3.87,1.09,0.0,0.0,0.46,1,Low
metal,1.57,0.31,0.69,0.16,0.5718,1,Medium
metal,4.6,2.55,0.32,0.12,0.376,0,Low
metal,3.54,2.48,0.28,0.06,0.3864,0,Low
plastic,5.85,4.74,8.7,33.88,0.6967,1,Medium
plastic,9.54,0.89,9.78,42.24,0.8521,1,High
glass,1.57,0.07,0.0,0.0,0.4041,0,Low
organic,46.12,9.54,4.02,7.19,0.2153,0,Unsuitable
organic,65.36,6.9,5.7,3.9,0.3478,0,Unsuitable
glass,0.49,1.9,0.0,0.0,0.4533,1,Low
organic,62.05,7.01,3.89,6.71,0.3507,0,Low
cardboard,11.47,1.29,9.29,16.04,0.6754,1,Medium
paper,16.15,3.04,9.49,15.06,0.6113,1,Medium
plastic,5.16,1.57,9.69,36.22,0.8692,1,High
paper,11.0,2.67,9.75,14.2,0.6537,1,Medium
plastic,9.68,5.07,8.3,39.82,0.7955,1,High
plastic,7.68,2.93,9.46,39.34,0.9677,1,High
plastic,3.69,0.37,8.79,43.26,1.0,1,High
cardboard,5.68,0.28,9.01,16.5,0.7225,1,High
cardboard,9.33,0.31,9.25,16.82,0.7152,1,High
glass,3.46,2.73,0.0,0.0,0.4493,0,Low
glass,2.12,1.17,0.0,0.0,0.4212,0,Low
plastic,8.87,2.13,9.68,38.71,0.8743,1,High
cardboard,20.73,1.93,8.28,16.73,0.6747,1,Medium
glass,2.13,2.27,0.0,0.0,0.4791,1,Low
organic,50.43,4.62,2.71,6.45,0.2677,0,Unsuitable
organic,55.54,4.43,5.56,5.22,0.2939,0,Unsuitable
metal,0.54,0.2,0.37,0.24,0.5395,1,Medium
cardboard,11.99,0.03,8.05,15.36,0.6881,1,Medium
metal,3.48,2.79,0.62,0.05,0.3099,0,Unsuitable
cardboard,24.51,1.87,7.32,17.16,0.6999,1,Medium
paper,20.61,3.05,9.93,13.29,0.6078,1,Medium
glass,4.15,0.44,0.0,0.0,0.3374,0,Unsuitable
glass,2.83,1.2,0.0,0.0,0.3866,0,Low
cardboard,16.83,3.84,8.05,15.01,0.6079,1,Medium
glass,0.29,1.88,0.0,0.0,0.4344,0,Low
glass,1.22,0.05,0.0,0.0,0.435,0,Low
organic,79.75,6.07,3.71,4.41,0.1874,0,Unsuitable
glass,2.43,2.19,0.0,0.0,0.5229,1,Medium
paper,13.78,3.45,8.48,16.04,0.6375,1,Medium
glass,2.68,0.17,0.0,0.0,0.4333,0,Low
organic,46.71,5.88,4.87,4.82,0.4718,1,Low
cardboard,22.16,1.36,9.4,15.38,0.6177,1,Medium
plastic,0.53,0.39,8.21,43.37,0.9191,1,High
cardboard,23.95,2.15,8.89,15.55,0.6477,1,Medium
paper,28.29,4.67,7.6,15.48,0.5322,1,Medium
plastic,5.63,0.75,9.31,42.79,0.8374,1,High
organic,44.65,9.51,2.44,4.04,0.1623,0,Unsuitable
metal,4.13,2.1,0.01,0.09,0.3961,0,Low
organic,41.05,9.75,2.6,5.55,0.1403,0,Unsuitable
plastic,7.37,4.66,8.79,40.54,0.8345,1,High
plastic,4.15,2.65,9.77,30.55,0.8322,1,High
glass,1.03,2.48,0.0,0.0,0.3946,0,Low
glass,1.52,1.4,0.0,0.0,0.3844,0,Low
paper,26.25,2.35,7.39,13.47,0.5715,1,Medium
organic,49.38,9.71,3.85,7.64,0.194,0,Unsuitable
plastic,1.83,3.58,8.54,32.96,0.8717,1,High
metal,3.77,0.85,0.98,0.09,0.4059,0,Low
cardboard,12.5,2.0,9.61,17.5,0.7021,1,High
paper,25.7,0.0,8.6,14.04,0.6692,1,Medium
plastic,4.2,2.35,9.78,38.58,0.857,1,High
cardboard,12.02,1.97,8.17,17.49,0.7056,1,High
glass,4.68,1.74,0.0,0.0,0.4355,0,Low
organic,66.2,4.5,4.33,4.77,0.2675,0,Unsuitable
glass,2.74,0.54,0.0,0.0,0.4835,1,Low
glass,3.26,2.25,0.0,0.0,0.4257,0,Low
glass,1.18,0.34,0.0,0.0,0.3392,0,Unsuitable
cardboard,10.97,3.68,9.89,15.69,0.6621,1,Medium
cardboard,7.78,3.05,7.04,16.22,0.4781,1,Low
organic,40.64,6.25,4.79,3.23,0.2973,0,Unsuitable
glass,1.81,0.5,0.0,0.0,0.491,1,Low
cardboard,17.66,1.73,8.28,17.35,0.673,1,Medium
metal,3.11,2.68,0.22,0.31,0.4208,0,Low
metal,4.88,0.93,0.56,0.16,0.4268,0,Low
metal,4.99,0.72,0.97,0.33,0.4243,0,Low
paper,19.2,5.0,9.3,15.1,0.5738,1,Medium
organic,47.77,3.08,3.03,5.17,0.3211,0,Unsuitable
glass,3.29,1.97,0.0,0.0,0.4076,0,Low
metal,3.1,0.62,0.94,0.09,0.4372,0,Low
metal,2.87,2.04,0.01,0.39,0.3752,0,Low
paper,12.41,1.61,8.0,16.04,0.6967,1,Medium
cardboard,5.45,3.11,9.95,16.98,0.6365,1,Medium
paper,27.7,1.27,7.2,15.04,0.5997,1,Medium
organic,58.25,5.23,3.95,4.9,0.221,0,Unsuitable
plastic,0.41,0.69,8.19,30.99,0.8771,1,High
glass,4.24,2.48,0.0,0.0,0.3008,0,Unsuitable
cardboard,19.77,3.56,9.2,17.21,0.6964,1,Medium
paper,10.33,0.42,8.26,13.37,0.6639,1,Medium
metal,0.12,0.9,0.97,0.19,0.3976,0,Low
organic,52.05,7.72,4.54,3.14,0.2366,0,Unsuitable
plastic,0.36,4.06,9.87,44.52,0.8796,1,High
organic,71.72,9.05,3.04,5.25,0.1915,0,Unsuitable
glass,0.12,1.98,0.0,0.0,0.3805,0,Low
organic,79.79,8.55,5.48,6.87,0.305,0,Unsuitable
plastic,0.65,5.49,8.28,36.26,0.8748,1,High
organic,49.01,6.26,3.44,6.38,0.3297,0,Unsuitable
paper,17.22,0.87,8.82,13.46,0.7099,1,High
organic,49.41,8.16,3.09,4.18,0.1976,0,Unsuitable
glass,4.4,1.19,0.0,0.0,0.4138,0,Low
glass,4.95,1.58,0.0,0.0,0.4373,0,Low
glass,2.42,0.53,0.0,0.0,0.4595,1,Low
organic,67.22,8.8,3.99,4.65,0.2054,0,Unsuitable
plastic,3.27,0.71,9.56,31.68,0.8652,1,High
cardboard,13.08,1.18,9.84,15.38,0.7021,1,High
organic,42.48,5.89,4.53,4.85,0.308,0,Unsuitable
paper,19.23,0.67,9.39,15.34,0.7704,1,High
paper,6.37,2.5,8.69,14.06,0.6142,1,Medium
paper,10.22,3.69,7.44,13.98,0.5903,1,Medium
cardboard,19.58,0.21,7.38,16.34,0.6897,1,Medium
cardboard,17.94,3.02,9.85,16.05,0.6812,1,Medium
plastic,2.64,0.89,8.79,43.96,0.9212,1,High
organic,60.91,9.94,2.75,6.89,0.1301,0,Unsuitable
cardboard,13.03,2.48,8.3,15.79,0.6638,1,Medium
plastic,7.07,4.98,8.61,39.06,0.8643,1,High
cardboard,7.55,2.65,7.4,17.35,0.6361,1,Medium
paper,14.21,1.84,9.25,15.04,0.6335,1,Medium
glass,4.25,1.02,0.0,0.0,0.3682,0,Low
metal,4.18,1.62,0.22,0.13,0.4616,1,Low
metal,3.68,0.32,0.61,0.3,0.4815,1,Low
plastic,2.03,5.46,9.14,37.32,0.8544,1,High
cardboard,23.05,1.05,9.7,15.33,0.7412,1,High
plastic,2.66,0.58,9.61,45.75,1.0,1,High
cardboard,11.51,1.12,7.46,17.36,0.7155,1,High
paper,28.18,0.59,8.59,16.97,0.7291,1,High
organic,68.61,3.16,2.27,6.97,0.2716,0,Unsuitable
paper,23.48,2.11,7.43,14.55,0.6547,1,Medium
glass,1.66,0.19,0.0,0.0,0.4587,1,Low
organic,56.45,9.9,5.43,4.4,0.1612,0,Unsuitable
glass,1.38,1.98,0.0,0.0,0.3489,0,Unsuitable
plastic,7.84,3.95,9.04,30.67,0.7297,1,High
plastic,6.43,0.75,9.59,37.47,0.9506,1,High
plastic,3.43,3.73,9.24,30.84,0.7569,1,High
glass,1.11,0.6,0.0,0.0,0.4691,1,Low
organic,51.95,9.44,3.95,6.07,0.1623,0,Unsuitable
plastic,8.71,0.78,8.16,45.9,0.9115,1,High
organic,64.44,6.87,5.14,7.96,0.2377,0,Unsuitable
glass,3.07,2.15,0.0,0.0,0.436,0,Low
organic,74.18,9.6,2.4,6.76,0.0668,0,Unsuitable
cardboard,5.13,1.04,9.56,15.42,0.7169,1,High
paper,15.16,0.74,7.69,16.18,0.7165,1,High
glass,3.8,0.29,0.0,0.0,0.4155,0,Low
cardboard,12.64,1.33,7.56,17.86,0.7573,1,High
paper,20.2,0.61,8.83,15.22,0.6325,1,Medium
paper,24.55,1.52,8.74,16.71,0.6448,1,Medium
plastic,7.11,5.26,9.85,33.33,0.8209,1,High
paper,29.89,2.45,7.99,15.15,0.5708,1,Medium
metal,0.89,0.45,0.03,0.36,0.3564,0,Low
organic,60.49,5.26,3.57,4.58,0.2668,0,Unsuitable
paper,22.21,0.55,7.66,13.76,0.673,1,Medium
paper,13.67,1.22,7.18,16.48,0.6191,1,Medium
cardboard,6.91,2.09,7.37,17.32,0.6299,1,Medium
metal,4.72,0.48,0.2,0.3,0.3906,0,Low
plastic,3.86,3.89,8.3,40.26,0.8344,1,High
paper,7.22,2.62,7.71,15.73,0.5603,1,Medium
metal,2.3,2.01,0.02,0.45,0.3406,0,Unsuitable
paper,15.86,3.79,9.5,16.23,0.6255,1,Medium
plastic,3.71,5.67,9.27,38.7,0.752,1,High
metal,3.57,1.66,0.88,0.43,0.4886,1,Low
metal,0.84,1.73,0.62,0.26,0.4121,0,Low
glass,1.44,2.6,0.0,0.0,0.4385,0,Low
cardboard,13.41,1.82,8.56,15.82,0.6814,1,Medium
paper,20.54,3.31,8.13,14.35,0.7035,1,High
metal,4.76,1.19,0.61,0.26,0.4265,0,Low
glass,2.17,2.53,0.0,0.0,0.3832,0,Low
plastic,9.86,4.33,8.02,43.43,0.8971,1,High
glass,1.18,0.45,0.0,0.0,0.4085,0,Low
metal,1.31,1.91,0.25,0.32,0.393,0,Low
glass,0.86,1.82,0.0,0.0,0.3727,0,Low
plastic,5.56,3.56,8.04,30.58,0.7709,1,High
cardboard,24.25,0.36,9.11,17.08,0.6954,1,Medium
metal,2.58,2.9,0.5,0.42,0.4065,0,Low
cardboard,24.93,3.64,7.91,17.54,0.6151,1,Medium
glass,3.39,1.03,0.0,0.0,0.412,0,Low
organic,41.7,5.99,5.36,6.69,0.3289,0,Unsuitable
paper,25.18,1.86,8.52,15.03,0.5563,1,Medium
organic,68.81,7.28,4.98,3.59,0.2083,0,Unsuitable
metal,1.04,2.63,0.24,0.25,0.2827,0,Unsuitable
metal,1.81,0.56,0.57,0.46,0.4966,1,Low
paper,17.7,4.31,8.36,16.33,0.638,1,Medium
organic,46.29,3.87,4.45,7.14,0.3783,0,Low
plastic,9.1,2.15,8.85,44.31,0.8895,1,High
plastic,2.77,1.03,8.54,42.49,1.0,1,High
metal,3.47,0.59,0.48,0.18,0.4398,0,Low
cardboard,24.82,3.6,9.09,15.46,0.6183,1,Medium
metal,4.46,2.66,0.48,0.09,0.3952,0,Low
plastic,3.45,2.34,9.12,35.34,0.7719,1,High
plastic,6.48,3.05,8.11,44.98,0.8447,1,High
metal,2.28,1.1,0.67,0.01,0.3393,0,Unsuitable
plastic,1.02,6.0,9.26,31.06,0.805,1,High
metal,4.77,2.27,0.51,0.21,0.5009,1,Medium
paper,21.68,2.57,8.19,14.3,0.6653,1,Medium
paper,26.2,2.77,8.75,14.91,0.5965,1,Medium
metal,2.07,2.56,0.33,0.35,0.4115,0,Low
glass,1.71,2.12,0.0,0.0,0.443,0,Low
glass,4.04,0.07,0.0,0.0,0.4056,0,Low
paper,27.52,4.17,9.92,15.52,0.5124,1,Medium
glass,1.95,2.26,0.0,0.0,0.4558,1,Low
metal,2.42,2.52,0.96,0.21,0.4652,1,Low
organic,49.07,8.61,5.28,4.48,0.2555,0,Unsuitable
paper,9.25,4.09,7.78,16.77,0.5469,1,Medium
plastic,9.09,3.6,8.53,42.92,0.8931,1,High
paper,14.43,0.29,10.0,16.35,0.7045,1,High
organic,69.03,3.0,4.23,4.81,0.3001,0,Unsuitable
glass,1.37,1.36,0.0,0.0,0.366,0,Low
paper,22.78,3.39,7.73,13.16,0.6724,1,Medium
plastic,9.79,5.76,9.27,44.31,0.8867,1,High
organic,71.49,9.69,5.19,5.08,0.177,0,Unsuitable
metal,1.84,2.46,0.7,0.12,0.4302,0,Low
paper,14.48,2.79,8.11,15.09,0.7182,1,High
metal,3.77,1.17,0.69,0.12,0.3582,0,Low
glass,2.92,2.06,0.0,0.0,0.5049,1,Medium
plastic,5.52,4.97,9.45,43.81,0.8199,1,High
paper,11.91,4.96,9.81,14.72,0.6427,1,Medium
glass,4.18,2.85,0.0,0.0,0.443,0,Low
paper,17.94,1.88,7.37,13.42,0.6135,1,Medium
organic,70.15,5.67,3.75,5.99,0.3005,0,Unsuitable
paper,23.91,3.23,9.23,15.88,0.6693,1,Medium
glass,2.83,1.38,0.0,0.0,0.5061,1,Medium
plastic,4.29,3.48,9.0,31.73,0.8076,1,High
metal,3.53,1.0,0.01,0.04,0.4819,1,Low
plastic,1.88,2.97,9.15,44.94,0.9316,1,High
metal,1.9,2.38,0.26,0.46,0.3918,0,Low
cardboard,6.85,0.97,9.72,17.97,0.7983,1,High
paper,24.22,1.11,8.15,15.79,0.6902,1,Medium
paper,15.98,2.48,7.66,14.61,0.5801,1,Medium
metal,0.12,2.05,0.27,0.24,0.4006,0,Low
organic,56.0,6.83,4.56,7.7,0.2385,0,Unsuitable
cardboard,23.03,1.16,9.6,17.87,0.7613,1,High
metal,2.85,2.17,0.48,0.3,0.2998,0,Unsuitable
cardboard,20.85,2.02,7.53,16.93,0.5891,1,Medium
paper,19.22,4.19,8.1,16.66,0.5804,1,Medium
cardboard,10.46,1.78,9.73,15.15,0.7067,1,High
glass,3.9,2.23,0.0,0.0,0.3618,0,Low
cardboard,17.49,3.39,9.11,15.31,0.6749,1,Medium
plastic,5.53,4.53,9.09,42.44,0.9383,1,High
cardboard,17.32,2.23,7.68,16.47,0.6159,1,Medium
paper,25.43,2.3,7.24,14.95,0.5175,1,Medium
plastic,3.19,5.53,8.31,35.23,0.7996,1,High
metal,3.69,2.51,0.06,0.4,0.4111,0,Low
plastic,9.0,4.67,8.38,35.02,0.7934,1,High
organic,63.93,6.77,5.66,7.37,0.2292,0,Unsuitable
paper,7.85,3.79,9.9,13.2,0.5664,1,Medium
organic,71.76,6.64,2.35,4.34,0.1374,0,Unsuitable
paper,26.94,3.31,9.2,13.05,0.6146,1,Medium
paper,12.95,4.26,9.86,14.69,0.5619,1,Medium
glass,1.63,2.32,0.0,0.0,0.445,0,Low
cardboard,20.91,0.81,7.59,16.34,0.7082,1,High
metal,3.18,0.03,0.06,0.03,0.5064,1,Medium
metal,1.18,0.99,0.61,0.29,0.4493,0,Low
paper,16.24,3.69,7.71,15.83,0.6052,1,Medium
cardboard,23.16,3.8,7.01,16.37,0.5193,1,Medium
glass,2.7,1.83,0.0,0.0,0.3617,0,Low
organic,64.83,8.83,5.38,6.16,0.2509,0,Unsuitable
glass,4.01,2.65,0.0,0.0,0.4226,0,Low
organic,67.52,4.22,4.55,5.14,0.3293,0,Unsuitable
paper,23.62,3.49,8.6,13.63,0.6207,1,Medium
paper,7.5,1.7,8.12,16.53,0.6641,1,Medium
plastic,8.75,2.55,9.77,32.18,0.8709,1,High
metal,0.47,1.68,0.96,0.33,0.437,0,Low
metal,4.66,1.41,0.27,0.49,0.4418,0,Low
paper,14.29,0.17,7.53,16.24,0.6242,1,Medium
organic,43.36,7.31,4.88,6.11,0.3308,0,Unsuitable
organic,63.13,7.83,5.45,4.68,0.3047,0,Unsuitable
glass,1.57,0.54,0.0,0.0,0.3634,0,Low
metal,3.09,0.23,0.03,0.03,0.3848,0,Low
plastic,8.29,2.05,8.86,39.6,0.8854,1,High
plastic,4.33,2.32,8.68,36.21,0.8443,1,High
paper,29.43,4.31,7.02,16.0,0.5467,1,Medium
organic,43.77,9.53,5.1,3.73,0.2982,0,Unsuitable
cardboard,14.09,0.64,7.45,17.9,0.72,1,High
cardboard,10.18,3.11,9.63,17.75,0.7078,1,High
metal,3.19,1.03,0.93,0.06,0.4766,1,Low
organic,57.35,4.99,4.46,7.53,0.2428,0,Unsuitable
organic,56.93,7.95,2.4,3.24,0.1747,0,Unsuitable
metal,2.67,1.22,0.33,0.03,0.3838,0,Low
glass,2.23,2.68,0.0,0.0,0.4078,0,Low
plastic,1.32,1.16,9.43,32.01,0.8788,1,High
glass,3.69,2.79,0.0,0.0,0.3851,0,Low
organic,55.15,7.88,3.39,3.01,0.2703,0,Unsuitable
organic,43.36,7.2,5.43,6.71,0.3456,0,Unsuitable
glass,1.04,2.77,0.0,0.0,0.3443,0,Unsuitable
organic,57.69,3.76,2.5,4.99,0.3335,0,Unsuitable
paper,13.47,3.45,9.42,16.51,0.6379,1,Medium
organic,45.89,7.89,3.49,6.54,0.1608,0,Unsuitable
glass,3.22,0.38,0.0,0.0,0.3452,0,Unsuitable
metal,3.43,1.86,0.73,0.4,0.3785,0,Low
glass,0.4,1.71,0.0,0.0,0.4344,0,Low
cardboard,16.45,1.46,9.0,16.83,0.6482,1,Medium
paper,11.31,3.84,8.99,13.52,0.5915,1,Medium
metal,4.68,0.98,0.02,0.07,0.4392,0,Low
paper,15.07,3.99,8.35,16.36,0.5893,1,Medium
glass,3.94,2.02,0.0,0.0,0.3979,0,Low
plastic,6.77,1.01,9.63,34.98,0.9061,1,High
organic,68.2,9.19,5.57,4.39,0.206,0,Unsuitable
glass,5.0,0.73,0.0,0.0,0.2585,0,Unsuitable
metal,2.44,2.68,0.62,0.34,0.3984,0,Low
organic,42.69,7.39,5.7,7.78,0.3654,0,Low
cardboard,17.67,2.21,8.82,16.84,0.6326,1,Medium
metal,0.44,1.86,0.31,0.15,0.3705,0,Low
metal,4.82,1.88,0.95,0.44,0.4666,1,Low
glass,0.77,0.63,0.0,0.0,0.4521,1,Low
organic,64.54,5.52,5.94,7.77,0.3044,0,Unsuitable
organic,71.67,9.84,4.4,7.4,0.2075,0,Unsuitable
organic,60.1,3.26,2.35,3.11,0.2286,0,Unsuitable
metal,0.27,1.27,0.81,0.31,0.4762,1,Low
glass,4.2,0.44,0.0,0.0,0.374,0,Low
cardboard,24.96,3.13,9.19,16.58,0.603,1,Medium
paper,11.73,4.92,9.94,14.29,0.4968,1,Low
cardboard,9.59,1.94,7.67,16.95,0.7281,1,High
metal,1.38,2.33,0.32,0.24,0.3861,0,Low
cardboard,20.77,1.23,9.19,15.86,0.6704,1,Medium
cardboard,23.53,3.93,9.32,17.75,0.6106,1,Medium
plastic,6.54,1.19,8.55,38.37,0.7793,1,High
organic,74.78,6.91,5.71,7.44,0.1774,0,Unsuitable
glass,1.15,1.59,0.0,0.0,0.4089,0,Low
plastic,3.42,1.73,9.63,30.72,0.768,1,High
paper,22.79,2.03,7.43,15.44,0.5905,1,Medium
cardboard,19.97,3.94,7.56,17.28,0.6053,1,Medium
organic,68.5,6.27,2.85,3.23,0.1539,0,Unsuitable
glass,0.81,1.94,0.0,0.0,0.3493,0,Unsuitable
glass,4.4,1.93,0.0,0.0,0.4581,1,Low
paper,28.06,1.43,9.51,16.57,0.6656,1,Medium
cardboard,16.97,0.44,8.31,16.83,0.5939,1,Medium
cardboard,24.87,1.33,8.05,15.75,0.6161,1,Medium
cardboard,14.46,3.16,8.54,15.05,0.7077,1,High
paper,25.67,0.57,7.65,14.84,0.6597,1,Medium
cardboard,15.78,1.84,9.86,15.27,0.6415,1,Medium
plastic,1.28,3.82,9.73,42.6,0.958,1,High
glass,3.6,1.18,0.0,0.0,0.3843,0,Low
cardboard,22.45,3.67,7.25,17.18,0.5579,1,Medium
glass,3.9,2.1,0.0,0.0,0.3403,0,Unsuitable
cardboard,24.43,2.63,8.77,15.05,0.6516,1,Medium
metal,0.13,1.0,0.34,0.27,0.4889,1,Low
organic,64.07,9.42,2.74,6.3,0.1362,0,Unsuitable
paper,18.28,3.71,7.1,14.33,0.5665,1,Medium
organic,68.91,7.29,2.65,6.71,0.2162,0,Unsuitable
paper,7.8,4.75,8.48,15.98,0.5293,1,Medium
organic,69.65,7.72,3.1,6.73,0.1866,0,Unsuitable
cardboard,11.97,3.15,8.85,16.52,0.6354,1,Medium
paper,28.46,4.09,8.07,14.86,0.5074,1,Medium
metal,4.48,0.57,0.27,0.18,0.4284,0,Low
plastic,8.02,1.65,9.77,30.53,0.8541,1,High
organic,55.11,6.75,4.24,4.13,0.3191,0,Unsuitable
organic,43.05,6.45,2.77,4.6,0.2839,0,Unsuitable
glass,3.54,1.37,0.0,0.0,0.4457,0,Low
paper,11.21,4.59,7.02,15.23,0.4729,1,Low
glass,2.89,2.45,0.0,0.0,0.4327,0,Low
cardboard,14.97,2.23,9.29,17.34,0.6675,1,Medium
organic,73.75,5.9,4.6,5.42,0.1897,0,Unsuitable
paper,20.04,0.29,9.03,14.13,0.6281,1,Medium
glass,3.03,2.2,0.0,0.0,0.3643,0,Low
plastic,9.26,1.6,9.74,30.19,0.7611,1,High
cardboard,14.03,3.03,9.83,16.56,0.5871,1,Medium
glass,2.92,1.14,0.0,0.0,0.4267,0,Low
cardboard,21.96,0.39,8.32,17.68,0.6918,1,Medium
glass,4.37,0.7,0.0,0.0,0.4793,1,Low
metal,1.64,1.58,0.05,0.03,0.456,1,Low
organic,64.63,3.27,2.67,4.05,0.1938,0,Unsuitable
plastic,2.47,0.83,9.2,41.9,0.9771,1,High
glass,4.27,1.84,0.0,0.0,0.3368,0,Unsuitable
paper,16.87,1.19,9.06,14.23,0.6863,1,Medium
metal,0.64,1.32,0.0,0.27,0.3947,0,Low
cardboard,16.05,3.74,9.61,16.73,0.5978,1,Medium
cardboard,23.46,1.96,7.3,17.3,0.6195,1,Medium
glass,3.82,0.25,0.0,0.0,0.4752,1,Low
cardboard,21.41,3.41,8.37,17.99,0.6802,1,Medium
metal,0.86,2.54,0.42,0.44,0.3845,0,Low
cardboard,5.81,2.41,9.5,16.21,0.7209,1,High
cardboard,12.47,1.39,8.93,16.96,0.7883,1,High
cardboard,17.85,1.04,8.22,16.84,0.6693,1,Medium
plastic,0.31,1.34,9.55,33.98,0.8348,1,High
metal,2.36,2.31,0.38,0.12,0.4364,0,Low
plastic,6.72,2.82,9.62,37.32,0.8687,1,High
plastic,1.99,4.98,8.19,44.43,0.8163,1,High
paper,18.06,0.29,9.34,13.85,0.6938,1,Medium
paper,21.23,0.89,9.39,14.77,0.6566,1,Medium
organic,59.47,8.69,3.72,6.79,0.1484,0,Unsuitable
cardboard,11.47,2.91,8.11,15.51,0.5925,1,Medium
plastic,8.77,1.7,8.47,32.13,0.8406,1,High
metal,2.68,2.19,0.77,0.18,0.4007,0,Low
organic,78.46,8.19,4.85,5.16,0.1552,0,Unsuitable
glass,3.75,1.09,0.0,0.0,0.3856,0,Low
cardboard,5.51,2.89,9.79,16.93,0.7487,1,High
glass,4.31,1.03,0.0,0.0,0.4396,0,Low
glass,0.73,0.54,0.0,0.0,0.3885,0,Low
organic,74.28,5.43,2.41,4.51,0.1304,0,Unsuitable
paper,17.34,0.86,7.94,16.81,0.6438,1,Medium
paper,8.83,1.52,9.44,16.14,0.6652,1,Medium
plastic,8.94,2.28,9.73,30.51,0.6968,1,Medium
organic,76.05,8.29,4.68,7.08,0.2908,0,Unsuitable
organic,50.17,6.26,4.64,5.94,0.3138,0,Unsuitable
organic,47.12,4.5,5.38,3.04,0.2596,0,Unsuitable
plastic,0.56,2.35,9.6,36.52,0.818,1,High
cardboard,15.23,2.33,9.67,15.28,0.6421,1,Medium
cardboard,18.19,3.92,9.54,17.54,0.6287,1,Medium
metal,4.29,2.61,0.8,0.41,0.4065,0,Low
metal,0.57,0.88,0.98,0.27,0.5025,1,Medium
metal,3.23,2.48,0.81,0.02,0.3605,0,Low
metal,0.1,2.66,0.17,0.31,0.4449,0,Low
plastic,5.63,4.29,9.25,31.44,0.6478,1,Medium
metal,2.73,0.98,0.76,0.16,0.4814,1,Low
organic,70.78,4.28,4.11,4.6,0.2553,0,Unsuitable
cardboard,9.25,3.18,8.72,17.87,0.7505,1,High
organic,73.17,4.54,4.53,4.95,0.1509,0,Unsuitable
metal,0.12,1.28,0.65,0.23,0.5286,1,Medium
organic,73.99,4.45,3.47,7.95,0.2701,0,Unsuitable
plastic,0.34,3.18,8.13,44.78,0.8257,1,High
paper,11.82,2.84,7.43,16.2,0.5542,1,Medium
plastic,5.66,5.04,8.37,32.8,0.7951,1,High
plastic,0.59,4.77,9.0,38.99,0.8016,1,High
glass,0.28,0.75,0.0,0.0,0.4891,1,Low
metal,0.23,1.35,0.36,0.05,0.3836,0,Low
organic,78.46,5.18,5.79,3.18,0.3517,0,Low
cardboard,9.29,2.4,9.39,15.96,0.7444,1,High
organic,65.16,4.03,2.47,4.25,0.2162,0,Unsuitable
paper,17.68,0.98,7.58,15.6,0.573,1,Medium
plastic,6.68,2.4,9.34,36.11,0.7831,1,High
organic,75.73,4.88,2.17,5.81,0.1274,0,Unsuitable
cardboard,14.18,3.21,9.37,16.8,0.7197,1,High
metal,0.2,2.46,0.22,0.09,0.4784,1,Low
plastic,3.28,1.96,8.61,39.49,0.8726,1,High
organic,43.76,4.05,4.36,3.49,0.4254,0,Low
organic,64.98,8.46,2.87,6.34,0.1635,0,Unsuitable
plastic,3.14,4.5,9.5,33.83,0.9123,1,High
organic,67.01,4.92,3.81,5.18,0.2398,0,Unsuitable
metal,2.51,0.55,0.65,0.34,0.4461,0,Low
cardboard,15.84,1.26,7.94,17.24,0.6678,1,Medium
plastic,6.55,5.31,8.52,38.1,0.7557,1,High
glass,4.56,2.03,0.0,0.0,0.4285,0,Low
metal,4.0,0.27,0.96,0.45,0.4236,0,Low
metal,4.04,0.88,0.58,0.06,0.4291,0,Low
glass,4.33,0.72,0.0,0.0,0.3303,0,Unsuitable
cardboard,8.72,0.79,7.51,15.92,0.6968,1,Medium
paper,11.52,0.85,7.06,14.46,0.7206,1,High
plastic,0.27,0.62,8.64,42.01,0.9758,1,High
paper,20.51,4.41,7.55,16.18,0.6592,1,Medium
glass,4.88,2.43,0.0,0.0,0.3467,0,Unsuitable
plastic,1.65,5.62,8.31,42.43,0.8358,1,High
paper,23.1,0.46,9.18,15.05,0.6844,1,Medium
glass,0.55,0.59,0.0,0.0,0.4616,1,Low
paper,25.24,1.23,7.67,15.69,0.611,1,Medium
cardboard,17.77,1.15,8.79,17.6,0.5504,1,Medium
organic,69.46,5.91,4.17,6.67,0.2732,0,Unsuitable
glass,0.48,2.18,0.0,0.0,0.3751,0,Low
plastic,9.26,1.89,8.55,31.62,0.8353,1,High
organic,73.71,7.78,2.02,5.83,0.0874,0,Unsuitable
paper,5.38,3.1,7.61,16.6,0.5842,1,Medium
cardboard,24.58,2.19,7.5,16.55,0.5229,1,Medium
paper,15.61,2.13,8.38,14.12,0.6484,1,Medium
glass,4.47,2.21,0.0,0.0,0.3947,0,Low
metal,1.54,2.01,0.29,0.42,0.5061,1,Medium
organic,75.35,7.78,5.59,7.04,0.2633,0,Unsuitable
glass,1.49,0.89,0.0,0.0,0.378,0,Low
metal,3.69,0.99,0.95,0.02,0.4585,1,Low
paper,11.89,4.49,9.49,13.42,0.5754,1,Medium
cardboard,9.3,2.46,7.37,16.41,0.6483,1,Medium
paper,26.35,2.77,7.65,16.71,0.5241,1,Medium
paper,29.03,1.34,7.88,14.54,0.571,1,Medium
paper,22.18,2.79,9.68,13.96,0.5859,1,Medium
cardboard,7.92,3.78,9.15,17.39,0.8073,1,High
plastic,2.43,0.84,8.86,43.26,0.8532,1,High
cardboard,18.2,0.8,8.63,15.04,0.6721,1,Medium
cardboard,12.87,3.52,9.17,15.11,0.6474,1,Medium
paper,21.59,4.65,9.41,13.88,0.5884,1,Medium
glass,1.75,1.51,0.0,0.0,0.4534,1,Low
organic,68.01,4.86,5.63,4.72,0.2804,0,Unsuitable
organic,59.17,9.47,3.06,4.67,0.1847,0,Unsuitable
cardboard,7.3,0.84,9.84,17.33,0.6948,1,Medium
organic,54.31,6.29,4.7,5.81,0.3121,0,Unsuitable
paper,25.48,0.29,9.64,13.17,0.6552,1,Medium
cardboard,8.6,0.89,8.21,16.97,0.6949,1,Medium
paper,18.31,1.6,9.4,13.44,0.6891,1,Medium
metal,0.48,0.64,0.59,0.06,0.4907,1,Low
metal,0.59,1.82,0.35,0.45,0.3449,0,Unsuitable
glass,0.3,2.69,0.0,0.0,0.4169,0,Low
cardboard,11.07,1.41,7.47,16.78,0.6023,1,Medium
glass,2.08,2.99,0.0,0.0,0.3616,0,Low
metal,0.55,0.98,0.09,0.3,0.506,1,Medium
glass,1.87,0.49,0.0,0.0,0.3852,0,Low
plastic,7.51,0.53,9.25,36.81,0.8791,1,High
paper,20.86,3.37,8.32,16.19,0.6142,1,Medium
plastic,9.54,5.66,8.19,45.14,0.8269,1,High
paper,7.67,2.6,7.1,15.36,0.5807,1,Medium
metal,2.54,0.68,0.54,0.4,0.3552,0,Low
plastic,5.53,2.13,9.5,41.23,0.9314,1,High
glass,3.0,1.95,0.0,0.0,0.2825,0,Unsuitable
plastic,2.49,0.33,9.93,30.97,0.8917,1,High
cardboard,23.37,2.26,9.46,17.16,0.6398,1,Medium
metal,1.82,0.01,0.25,0.48,0.4642,1,Low
metal,2.54,0.93,0.99,0.02,0.3907,0,Low
glass,2.31,0.23,0.0,0.0,0.409,0,Low
cardboard,17.5,0.4,7.86,15.41,0.6509,1,Medium
glass,2.66,0.01,0.0,0.0,0.4295,0,Low
glass,0.18,1.05,0.0,0.0,0.4165,0,Low
cardboard,9.32,2.73,7.08,16.67,0.6477,1,Medium
organic,60.81,4.52,4.26,3.74,0.2656,0,Unsuitable
paper,17.76,0.16,8.83,16.0,0.6321,1,Medium
glass,1.04,0.91,0.0,0.0,0.4179,0,Low
paper,23.53,0.19,8.65,14.8,0.6217,1,Medium
metal,2.62,0.4,0.88,0.38,0.4649,1,Low
metal,3.6,0.73,0.43,0.19,0.413,0,Low
plastic,3.46,0.02,9.69,32.3,0.8779,1,High
plastic,7.85,3.63,8.34,39.89,0.8187,1,High
metal,1.59,0.1,0.61,0.11,0.4765,1,Low
organic,67.2,8.41,5.87,5.92,0.2178,0,Unsuitable
paper,9.54,4.0,9.08,16.91,0.5631,1,Medium
metal,1.67,2.46,0.06,0.32,0.4096,0,Low
paper,9.13,4.05,7.05,15.99,0.6616,1,Medium
paper,21.24,2.05,7.08,16.21,0.6073,1,Medium
metal,4.73,0.91,0.26,0.49,0.4972,1,Low
paper,9.02,2.19,9.36,16.54,0.6877,1,Medium
organic,40.67,7.34,2.47,7.55,0.311,0,Unsuitable
organic,52.12,8.79,4.52,3.5,0.2859,0,Unsuitable
cardboard,11.16,0.0,9.93,16.24,0.7649,1,High
organic,68.5,7.23,3.21,3.5,0.1645,0,Unsuitable
cardboard,18.45,3.44,7.05,17.58,0.5996,1,Medium
plastic,9.47,1.4,8.64,40.58,0.8167,1,High
cardboard,13.33,2.16,7.51,17.08,0.6073,1,Medium
organic,71.95,5.42,5.85,3.6,0.2029,0,Unsuitable
metal,2.68,2.27,0.61,0.04,0.4402,0,Low
metal,2.66,2.08,0.51,0.18,0.3678,0,Low
paper,17.43,2.69,8.41,14.06,0.5932,1,Medium
glass,0.32,2.12,0.0,0.0,0.4578,1,Low
metal,2.55,1.16,0.29,0.0,0.4848,1,Low
plastic,4.73,4.32,9.92,30.05,0.8103,1,High
glass,2.29,2.54,0.0,0.0,0.3651,0,Low
cardboard,12.9,0.08,8.76,16.48,0.7775,1,High
cardboard,5.26,4.0,8.0,16.44,0.5994,1,Medium
plastic,7.13,5.33,9.88,33.03,0.7786,1,High
glass,0.23,2.15,0.0,0.0,0.4794,1,Low
glass,2.83,1.29,0.0,0.0,0.3658,0,Low
glass,0.11,0.16,0.0,0.0,0.5238,1,Medium
glass,1.63,2.92,0.0,0.0,0.4661,1,Low
paper,5.64,3.64,9.31,14.28,0.6443,1,Medium
plastic,6.06,2.21,9.23,36.95,0.8498,1,High
plastic,1.1,4.8,8.68,44.97,0.8019,1,High
glass,0.14,2.2,0.0,0.0,0.47,1,Low
cardboard,15.66,2.41,8.29,15.25,0.6035,1,Medium
glass,1.65,0.94,0.0,0.0,0.3657,0,Low
glass,1.3,2.42,0.0,0.0,0.4177,0,Low
plastic,7.59,0.54,9.4,45.8,0.868,1,High
paper,15.2,4.86,8.96,13.39,0.6843,1,Medium
organic,41.99,5.77,5.66,4.16,0.248,0,Unsuitable
glass,3.32,2.9,0.0,0.0,0.3261,0,Unsuitable
cardboard,17.84,3.13,7.1,16.28,0.5813,1,Medium
plastic,6.78,3.69,9.86,31.42,0.835,1,High
glass,0.5,1.04,0.0,0.0,0.4145,0,Low
cardboard,21.57,0.72,7.55,15.16,0.5529,1,Medium
glass,0.69,0.96,0.0,0.0,0.3907,0,Low
plastic,5.68,1.0,8.75,36.85,0.9412,1,High
cardboard,17.67,1.07,8.93,17.86,0.7073,1,High
paper,10.42,0.77,9.7,13.01,0.6481,1,Medium
glass,0.44,1.85,0.0,0.0,0.4544,1,Low
organic,55.22,4.16,4.54,5.48,0.246,0,Unsuitable
glass,4.78,0.94,0.0,0.0,0.4483,0,Low
organic,46.11,5.83,4.58,4.25,0.2486,0,Unsuitable
glass,1.17,0.63,0.0,0.0,0.3613,0,Low
plastic,5.7,1.07,9.14,33.61,0.8796,1,High
glass,4.44,2.16,0.0,0.0,0.4866,1,Low
metal,4.88,1.04,0.8,0.28,0.5034,1,Medium
metal,0.26,1.85,0.3,0.35,0.3735,0,Low
organic,61.46,7.39,3.87,7.39,0.1861,0,Unsuitable
plastic,9.8,0.2,8.42,41.33,0.9236,1,High
glass,0.77,2.17,0.0,0.0,0.466,1,Low
paper,10.21,4.84,7.32,15.39,0.5614,1,Medium
organic,78.26,5.39,5.0,5.24,0.2157,0,Unsuitable
metal,1.83,0.68,0.08,0.05,0.3872,0,Low
glass,1.22,1.59,0.0,0.0,0.4472,0,Low
glass,3.59,0.68,0.0,0.0,0.4278,0,Low
organic,68.29,9.97,2.72,6.7,0.2367,0,Unsuitable
glass,3.22,2.89,0.0,0.0,0.4828,1,Low
glass,2.49,2.75,0.0,0.0,0.4309,0,Low
metal,1.3,2.57,0.23,0.15,0.3883,0,Low
cardboard,24.22,1.96,7.57,15.81,0.6544,1,Medium
cardboard,17.68,1.86,7.99,17.7,0.6412,1,Medium
paper,16.15,4.91,9.13,14.69,0.6351,1,Medium
glass,4.48,2.22,0.0,0.0,0.3898,0,Low
glass,2.98,1.11,0.0,0.0,0.4393,0,Low
paper,25.75,1.41,7.09,13.16,0.5686,1,Medium
paper,13.01,3.34,8.46,13.3,0.6754,1,Medium
plastic,1.02,0.38,8.42,41.21,0.8873,1,High
cardboard,20.13,2.14,7.94,15.02,0.6262,1,Medium
organic,51.59,4.75,5.9,3.87,0.3715,0,Low
plastic,3.06,2.36,8.16,36.47,0.8936,1,High
organic,67.76,6.32,3.23,4.83,0.3276,0,Unsuitable
plastic,1.52,4.18,9.74,44.42,0.9408,1,High
paper,18.26,3.94,9.78,13.09,0.5831,1,Medium
cardboard,24.94,3.72,9.41,15.89,0.6345,1,Medium
paper,5.73,0.94,8.85,16.17,0.7083,1,High
cardboard,12.82,1.82,7.08,17.59,0.6347,1,Medium
paper,9.98,2.05,9.13,16.48,0.7838,1,High
paper,28.59,2.75,8.1,13.8,0.499,1,Low
paper,22.98,1.09,7.27,13.8,0.6632,1,Medium
metal,1.15,0.35,0.38,0.24,0.4861,1,Low
cardboard,21.58,1.02,9.66,17.72,0.6075,1,Medium
metal,1.23,1.87,0.14,0.04,0.3688,0,Low
paper,20.15,4.02,7.78,16.73,0.6088,1,Medium
glass,2.04,0.2,0.0,0.0,0.4615,1,Low
cardboard,18.65,1.14,9.8,17.77,0.626,1,Medium
plastic,0.47,0.17,8.28,39.53,0.8654,1,High
plastic,9.48,1.05,8.55,30.87,0.7123,1,High
cardboard,14.61,2.3,8.69,15.76,0.5637,1,Medium
glass,1.48,0.74,0.0,0.0,0.523,1,Medium
glass,2.66,2.85,0.0,0.0,0.3847,0,Low
metal,3.68,1.51,0.21,0.0,0.476,1,Low
glass,3.33,1.31,0.0,0.0,0.4366,0,Low
metal,2.59,1.54,0.82,0.22,0.4645,1,Low
cardboard,22.89,0.97,9.73,15.41,0.61,1,Medium
organic,47.33,5.98,5.94,3.49,0.2634,0,Unsuitable
plastic,1.11,5.71,9.1,44.09,0.7884,1,High
plastic,0.15,1.59,8.67,38.56,0.9178,1,High
metal,4.07,0.52,0.7,0.23,0.5039,1,Medium
plastic,1.77,0.85,9.24,31.4,0.9133,1,High
plastic,0.8,5.33,9.92,30.7,0.8239,1,High
glass,1.4,1.99,0.0,0.0,0.4933,1,Low
metal,4.96,0.23,0.66,0.14,0.444,0,Low
organic,45.95,9.56,4.73,3.25,0.1571,0,Unsuitable
plastic,3.09,2.83,9.45,40.82,0.827,1,High
glass,2.56,0.13,0.0,0.0,0.4672,1,Low
metal,3.24,1.29,0.43,0.08,0.3984,0,Low
paper,10.6,2.03,7.57,15.81,0.7124,1,High
cardboard,22.5,3.04,8.56,16.41,0.6509,1,Medium
plastic,9.56,4.23,9.52,44.39,0.7948,1,High
plastic,9.97,4.22,9.19,36.61,0.7516,1,High
cardboard,21.08,2.62,7.6,16.83,0.61,1,Medium
cardboard,16.67,2.54,7.44,15.29,0.6081,1,Medium
plastic,6.07,5.59,9.56,41.93,0.8892,1,High
organic,75.68,6.51,2.4,5.67,0.2292,0,Unsuitable
cardboard,11.4,0.04,8.86,15.12,0.6702,1,Medium
plastic,9.99,2.22,8.04,37.89,0.8027,1,High
glass,4.46,2.13,0.0,0.0,0.3383,0,Unsuitable
paper,28.07,1.0,7.94,16.54,0.5724,1,Medium
metal,1.59,0.11,0.42,0.25,0.4697,1,Low
cardboard,12.38,2.57,9.67,16.95,0.6937,1,Medium
paper,25.42,0.83,7.9,13.2,0.5591,1,Medium
paper,13.23,4.3,7.26,14.84,0.5397,1,Medium
organic,48.06,5.61,4.61,5.45,0.3569,0,Low
cardboard,14.64,3.93,7.22,15.83,0.5869,1,Medium
organic,61.84,6.98,5.59,4.39,0.277,0,Unsuitable
cardboard,14.81,1.2,7.91,16.17,0.6626,1,Medium
metal,2.38,0.46,0.76,0.33,0.4989,1,Low
plastic,6.54,2.88,9.36,36.98,0.8442,1,High
metal,4.93,2.16,0.61,0.24,0.4589,1,Low
metal,1.63,0.37,0.13,0.01,0.441,0,Low
cardboard,9.55,3.33,9.71,15.51,0.5834,1,Medium
cardboard,23.38,1.94,8.14,15.88,0.6024,1,Medium
plastic,2.26,4.97,8.39,40.29,0.8352,1,High
cardboard,7.52,1.13,9.3,17.19,0.6608,1,Medium
cardboard,14.52,0.39,9.15,17.38,0.725,1,High
paper,13.45,1.27,9.69,13.58,0.7019,1,High
organic,52.57,8.32,4.78,7.94,0.3416,0,Unsuitable
organic,55.13,8.48,2.86,7.74,0.2158,0,Unsuitable
paper,24.58,4.14,8.44,15.97,0.6216,1,Medium
glass,4.12,1.7,0.0,0.0,0.4539,1,Low
glass,3.1,2.95,0.0,0.0,0.2794,0,Unsuitable
glass,2.75,2.0,0.0,0.0,0.4546,1,Low
cardboard,20.87,3.94,7.76,17.52,0.6193,1,Medium
organic,69.17,6.12,5.18,4.41,0.285,0,Unsuitable
cardboard,15.98,0.46,7.84,15.5,0.6405,1,Medium
glass,0.6,1.84,0.0,0.0,0.2908,0,Unsuitable
glass,3.32,2.56,0.0,0.0,0.441,0,Low
glass,2.56,0.59,0.0,0.0,0.3899,0,Low
plastic,5.74,0.93,9.62,44.38,0.981,1,High
cardboard,13.19,3.53,8.2,15.33,0.5023,1,Medium
cardboard,14.99,1.37,9.68,17.78,0.6328,1,Medium
plastic,4.83,1.32,8.96,33.67,0.7645,1,High
paper,26.06,0.43,7.63,15.13,0.6317,1,Medium
metal,3.77,1.07,0.07,0.25,0.36,0,Low
cardboard,18.57,0.64,8.54,17.71,0.7294,1,High
metal,3.61,2.11,0.15,0.45,0.4547,1,Low
metal,0.26,0.25,0.46,0.02,0.4398,0,Low
